sample_id,Type,UMAP1,UMAP2,motility_cluster
1-Good-D09-C1-ZT1-70-157-FOV230-256px_Statistics_mt_B-cell_1-Good-D09-C1-ZT1-70-157-FOV230-256px_Statistics_1000009970,mt_B-cell,12.011821,18.077894,0
1-Good-D09-C1-ZT1-70-157-FOV230-256px_Statistics_mt_B-cell_1-Good-D09-C1-ZT1-70-157-FOV230-256px_Statistics_1000000048,mt_B-cell,11.867636,18.27287,0
2-Good-D9-B-M1L-ZT1-070-157-FOV230-320px_Statistics_mt_B-cell_2-Good-D9-B-M1L-ZT1-070-157-FOV230-320px_Statistics_1000010757,mt_B-cell,11.280552,18.174435,0
2-Good-D9-B-M1L-ZT1-070-157-FOV230-320px_Statistics_mt_B-cell_2-Good-D9-B-M1L-ZT1-070-157-FOV230-320px_Statistics_1000004175,mt_B-cell,12.312469,17.793547,0
2-Good-D9-B-M1L-ZT1-070-157-FOV230-320px_Statistics_mt_B-cell_2-Good-D9-B-M1L-ZT1-070-157-FOV230-320px_Statistics_1000000160,mt_B-cell,11.7657795,17.601107,0
4-Good-D10-B1-ZT1-45-132-FOV230-256px_Statistics_mt_B-cell_4-Good-D10-B1-ZT1-45-132-FOV230-256px_Statistics_1000006191,mt_B-cell,12.771267,17.310118,0
5-Good-D10-C2-ZT1-70-157-FOV230-256px_Statistics_mt_B-cell_5-Good-D10-C2-ZT1-70-157-FOV230-256px_Statistics_1000006866,mt_B-cell,11.684549,17.132898,0
5-Good-D10-C2-ZT1-70-157-FOV230-256px_Statistics_mt_B-cell_5-Good-D10-C2-ZT1-70-157-FOV230-256px_Statistics_1000024003,mt_B-cell,11.135203,17.64703,0
5-Good-D10-C2-ZT1-70-157-FOV230-256px_Statistics_mt_B-cell_5-Good-D10-C2-ZT1-70-157-FOV230-256px_Statistics_1000017854,mt_B-cell,11.170841,17.6811,0
5-Good-D10-C2-ZT1-70-157-FOV230-256px_Statistics_mt_B-cell_5-Good-D10-C2-ZT1-70-157-FOV230-256px_Statistics_1000000006,mt_B-cell,11.609164,18.40187,0
5-Good-D10-C2-ZT1-70-157-FOV230-256px_Statistics_mt_B-cell_5-Good-D10-C2-ZT1-70-157-FOV230-256px_Statistics_1000017101,mt_B-cell,11.978496,17.78375,0
5-Good-D10-C2-ZT1-70-157-FOV230-256px_Statistics_mt_B-cell_5-Good-D10-C2-ZT1-70-157-FOV230-256px_Statistics_1000006602,mt_B-cell,11.545376,18.394127,0
6-Good-D10-C2-ZT2-20-107-FOV230-256px_Statistics_mt_B-cell_6-Good-D10-C2-ZT2-20-107-FOV230-256px_Statistics_1000003060,mt_B-cell,11.355838,17.507856,0
6-Good-D10-C2-ZT2-20-107-FOV230-256px_Statistics_mt_B-cell_6-Good-D10-C2-ZT2-20-107-FOV230-256px_Statistics_1000000037,mt_B-cell,11.5274,18.340511,0
6-Good-D10-C2-ZT2-20-107-FOV230-256px_Statistics_mt_B-cell_6-Good-D10-C2-ZT2-20-107-FOV230-256px_Statistics_1000008147,mt_B-cell,12.721173,17.192247,0
6-Good-D10-C2-ZT2-20-107-FOV230-256px_Statistics_mt_B-cell_6-Good-D10-C2-ZT2-20-107-FOV230-256px_Statistics_1000000037,mt_B-cell,11.770615,18.41815,0
6-Good-D10-C2-ZT2-20-107-FOV230-256px_Statistics_mt_B-cell_6-Good-D10-C2-ZT2-20-107-FOV230-256px_Statistics_1000008753,mt_B-cell,11.311734,18.079943,0
6-Good-D10-C2-ZT2-20-107-FOV230-256px_Statistics_mt_B-cell_6-Good-D10-C2-ZT2-20-107-FOV230-256px_Statistics_1000016537,mt_B-cell,12.057619,17.110636,0
6-Good-D10-C2-ZT2-20-107-FOV230-256px_Statistics_mt_B-cell_6-Good-D10-C2-ZT2-20-107-FOV230-256px_Statistics_1000004023,mt_B-cell,11.749546,18.482962,0
6-Good-D10-C2-ZT2-20-107-FOV230-256px_Statistics_mt_B-cell_6-Good-D10-C2-ZT2-20-107-FOV230-256px_Statistics_1000019599,mt_B-cell,12.042204,16.828674,0
7-Good-D11-C-M2L-ZT1-063-150-FOV230-320px_Statistics_mt_B-cell_7-Good-D11-C-M2L-ZT1-063-150-FOV230-320px_Statistics_1000004390,mt_B-cell,11.66627,18.162075,0
7-Good-D11-C-M2L-ZT1-063-150-FOV230-320px_Statistics_mt_B-cell_7-Good-D11-C-M2L-ZT1-063-150-FOV230-320px_Statistics_1000010018,mt_B-cell,11.485089,18.14974,0
7-Good-D11-C-M2L-ZT1-063-150-FOV230-320px_Statistics_mt_B-cell_7-Good-D11-C-M2L-ZT1-063-150-FOV230-320px_Statistics_1000008630,mt_B-cell,11.820888,18.17062,0
7-Good-D11-C-M2L-ZT1-063-150-FOV230-320px_Statistics_mt_B-cell_7-Good-D11-C-M2L-ZT1-063-150-FOV230-320px_Statistics_1000000121,mt_B-cell,12.558886,17.652687,0
9-Good-D11-B2-ZT9-50-137-FOV230-256px_Statistics_mt_B-cell_9-Good-D11-B2-ZT9-50-137-FOV230-256px_Statistics_1000001108,mt_B-cell,11.394318,16.54587,0
1-Good-D09-C1-ZT1-70-157-FOV230-256px_Statistics_wt_B-cell_1-Good-D09-C1-ZT1-70-157-FOV230-256px_Statistics_1000009009,wt_B-cell,11.343146,18.03375,0
2-Good-D9-B-M1L-ZT1-070-157-FOV230-320px_Statistics_wt_B-cell_2-Good-D9-B-M1L-ZT1-070-157-FOV230-320px_Statistics_1000003605,wt_B-cell,11.693599,17.96068,0
2-Good-D9-B-M1L-ZT1-070-157-FOV230-320px_Statistics_wt_B-cell_2-Good-D9-B-M1L-ZT1-070-157-FOV230-320px_Statistics_1000000011,wt_B-cell,12.181982,17.93621,0
2-Good-D9-B-M1L-ZT1-070-157-FOV230-320px_Statistics_wt_B-cell_2-Good-D9-B-M1L-ZT1-070-157-FOV230-320px_Statistics_1000000022,wt_B-cell,12.18832,18.153763,0
2-Good-D9-B-M1L-ZT1-070-157-FOV230-320px_Statistics_wt_B-cell_2-Good-D9-B-M1L-ZT1-070-157-FOV230-320px_Statistics_1000000521,wt_B-cell,12.249473,17.39777,0
5-Good-D10-C2-ZT1-70-157-FOV230-256px_Statistics_wt_B-cell_5-Good-D10-C2-ZT1-70-157-FOV230-256px_Statistics_1000008466,wt_B-cell,12.241729,17.628521,0
6-Good-D10-C2-ZT2-20-107-FOV230-256px_Statistics_wt_B-cell_6-Good-D10-C2-ZT2-20-107-FOV230-256px_Statistics_1000008847,wt_B-cell,12.243629,16.945137,0
6-Good-D10-C2-ZT2-20-107-FOV230-256px_Statistics_wt_B-cell_6-Good-D10-C2-ZT2-20-107-FOV230-256px_Statistics_1000001611,wt_B-cell,11.634599,17.607319,0
6-Good-D11-C2-ZT6-30-117-FOV230-256px_Statistics_wt_B-cell_6-Good-D11-C2-ZT6-30-117-FOV230-256px_Statistics_1000000011,wt_B-cell,11.629432,17.8917,0
6-Good-D11-C2-ZT6-30-117-FOV230-256px_Statistics_wt_B-cell_6-Good-D11-C2-ZT6-30-117-FOV230-256px_Statistics_1000009519,wt_B-cell,11.67737,17.991146,0
6-Good-D11-C2-ZT6-30-117-FOV230-256px_Statistics_wt_B-cell_6-Good-D11-C2-ZT6-30-117-FOV230-256px_Statistics_1000005529,wt_B-cell,11.772594,17.996391,0
6-Good-D11-C2-ZT6-30-117-FOV230-256px_Statistics_wt_B-cell_6-Good-D11-C2-ZT6-30-117-FOV230-256px_Statistics_1000009339,wt_B-cell,11.914781,17.579226,0
7-Good-D11-B2-ZT2-30-117-FOV230-256px_Statistics_wt_B-cell_7-Good-D11-B2-ZT2-30-117-FOV230-256px_Statistics_1000002765,wt_B-cell,12.267029,17.829695,0
7-Good-D11-B2-ZT2-30-117-FOV230-256px_Statistics_wt_B-cell_7-Good-D11-B2-ZT2-30-117-FOV230-256px_Statistics_1000001191,wt_B-cell,12.595033,17.815222,0
7-Good-D11-B2-ZT2-30-117-FOV230-256px_Statistics_wt_B-cell_7-Good-D11-B2-ZT2-30-117-FOV230-256px_Statistics_1000004988,wt_B-cell,11.848017,18.143349,0
7-Good-D11-C-M2L-ZT1-063-150-FOV230-320px_Statistics_wt_B-cell_7-Good-D11-C-M2L-ZT1-063-150-FOV230-320px_Statistics_1000003546,wt_B-cell,11.592912,17.559004,0
7-Good-D11-C-M2L-ZT1-063-150-FOV230-320px_Statistics_wt_B-cell_7-Good-D11-C-M2L-ZT1-063-150-FOV230-320px_Statistics_1000000605,wt_B-cell,12.04855,17.86967,0
8-Good-D11-B2-ZT3-30-117-FOV230-256px_Statistics_wt_B-cell_8-Good-D11-B2-ZT3-30-117-FOV230-256px_Statistics_1000000798,wt_B-cell,12.277676,17.29522,0
8-Good-D11-B2-ZT3-30-117-FOV230-256px_Statistics_wt_B-cell_8-Good-D11-B2-ZT3-30-117-FOV230-256px_Statistics_1000000445,wt_B-cell,11.971155,18.086843,0
8-Good-D11-B2-ZT8-80-167-FOV230-256px_Statistics_wt_B-cell_8-Good-D11-B2-ZT8-80-167-FOV230-256px_Statistics_1000000063,wt_B-cell,11.7415,17.261251,0
8-Good-D11-B2-ZT8-80-167-FOV230-256px_Statistics_wt_B-cell_8-Good-D11-B2-ZT8-80-167-FOV230-256px_Statistics_1000000008,wt_B-cell,12.01678,17.273178,0
8-Good-D11-B2-ZT8-80-167-FOV230-256px_Statistics_wt_B-cell_8-Good-D11-B2-ZT8-80-167-FOV230-256px_Statistics_1000004615,wt_B-cell,12.052375,18.012493,0
9-Good-D11-B2-ZT9-50-137-FOV230-256px_Statistics_wt_B-cell_9-Good-D11-B2-ZT9-50-137-FOV230-256px_Statistics_1000006570,wt_B-cell,11.704275,17.461718,0
9-Good-D11-B2-ZT9-50-137-FOV230-256px_Statistics_wt_B-cell_9-Good-D11-B2-ZT9-50-137-FOV230-256px_Statistics_1000008333,wt_B-cell,11.931562,18.015997,0
9-Good-D11-B2-ZT9-50-137-FOV230-256px_Statistics_wt_B-cell_9-Good-D11-B2-ZT9-50-137-FOV230-256px_Statistics_1000004676,wt_B-cell,11.597571,17.90862,0
2-Good-D9-B-M1L-ZT1-070-157-FOV230-320px_Statistics_mt_B-cell_2-Good-D9-B-M1L-ZT1-070-157-FOV230-320px_Statistics_1000001788,mt_B-cell,10.466971,15.602523,1
2-Good-D9-B-M1L-ZT1-070-157-FOV230-320px_Statistics_mt_B-cell_2-Good-D9-B-M1L-ZT1-070-157-FOV230-320px_Statistics_1000001208,mt_B-cell,10.990697,17.522982,0
4-Good-D10-B1-ZT1-45-132-FOV230-256px_Statistics_mt_B-cell_4-Good-D10-B1-ZT1-45-132-FOV230-256px_Statistics_1000004704,mt_B-cell,10.880679,16.679804,1
4-Good-D10-B1-ZT1-45-132-FOV230-256px_Statistics_mt_B-cell_4-Good-D10-B1-ZT1-45-132-FOV230-256px_Statistics_1000004351,mt_B-cell,10.745092,15.711965,1
4-Good-D10-C1-ZT4-40-127-FOV230-256px_Statistics_mt_B-cell_4-Good-D10-C1-ZT4-40-127-FOV230-256px_Statistics_1000006122,mt_B-cell,10.793687,17.209827,1
4-Good-D10-C1-ZT4-40-127-FOV230-256px_Statistics_mt_B-cell_4-Good-D10-C1-ZT4-40-127-FOV230-256px_Statistics_1000005659,mt_B-cell,10.022003,16.245155,1
4-Good-D10-C1-ZT4-40-127-FOV230-256px_Statistics_mt_B-cell_4-Good-D10-C1-ZT4-40-127-FOV230-256px_Statistics_1000024099,mt_B-cell,10.237109,15.772209,1
4-Good-D10-C1-ZT4-40-127-FOV230-256px_Statistics_mt_B-cell_4-Good-D10-C1-ZT4-40-127-FOV230-256px_Statistics_1000000071,mt_B-cell,11.182415,16.188612,1
4-Good-D10-C1-ZT4-40-127-FOV230-256px_Statistics_mt_B-cell_4-Good-D10-C1-ZT4-40-127-FOV230-256px_Statistics_1000009056,mt_B-cell,11.149656,17.598862,0
4-Good-D10-C1-ZT4-40-127-FOV230-256px_Statistics_mt_B-cell_4-Good-D10-C1-ZT4-40-127-FOV230-256px_Statistics_1000000257,mt_B-cell,12.130571,16.093367,1
4-Good-D10-C1-ZT4-40-127-FOV230-256px_Statistics_mt_B-cell_4-Good-D10-C1-ZT4-40-127-FOV230-256px_Statistics_1000016452,mt_B-cell,10.925133,16.00374,1
5-Good-D10-C2-ZT1-70-157-FOV230-256px_Statistics_mt_B-cell_5-Good-D10-C2-ZT1-70-157-FOV230-256px_Statistics_1000016633,mt_B-cell,9.601425,15.776674,4
5-Good-D10-C2-ZT1-70-157-FOV230-256px_Statistics_mt_B-cell_5-Good-D10-C2-ZT1-70-157-FOV230-256px_Statistics_1000000206,mt_B-cell,9.87664,15.638768,1
5-Good-D10-C2-ZT1-70-157-FOV230-256px_Statistics_mt_B-cell_5-Good-D10-C2-ZT1-70-157-FOV230-256px_Statistics_1000000166,mt_B-cell,11.832158,16.637949,1
5-Good-D10-C2-ZT1-70-157-FOV230-256px_Statistics_mt_B-cell_5-Good-D10-C2-ZT1-70-157-FOV230-256px_Statistics_1000022432,mt_B-cell,9.970462,15.36753,1
6-Good-D10-C2-ZT2-20-107-FOV230-256px_Statistics_mt_B-cell_6-Good-D10-C2-ZT2-20-107-FOV230-256px_Statistics_1000009483,mt_B-cell,11.505459,16.23,1
6-Good-D10-C2-ZT2-20-107-FOV230-256px_Statistics_mt_B-cell_6-Good-D10-C2-ZT2-20-107-FOV230-256px_Statistics_1000015074,mt_B-cell,10.11691,16.064716,1
6-Good-D10-C2-ZT2-20-107-FOV230-256px_Statistics_mt_B-cell_6-Good-D10-C2-ZT2-20-107-FOV230-256px_Statistics_1000012048,mt_B-cell,10.742439,16.59344,1
6-Good-D10-C2-ZT2-20-107-FOV230-256px_Statistics_mt_B-cell_6-Good-D10-C2-ZT2-20-107-FOV230-256px_Statistics_1000013159,mt_B-cell,11.241874,17.242258,0
6-Good-D10-C2-ZT2-20-107-FOV230-256px_Statistics_mt_B-cell_6-Good-D10-C2-ZT2-20-107-FOV230-256px_Statistics_1000011612,mt_B-cell,10.686409,16.515114,1
6-Good-D10-C2-ZT2-20-107-FOV230-256px_Statistics_mt_B-cell_6-Good-D10-C2-ZT2-20-107-FOV230-256px_Statistics_1000000112,mt_B-cell,10.771592,16.695868,1
6-Good-D10-C2-ZT2-20-107-FOV230-256px_Statistics_mt_B-cell_6-Good-D10-C2-ZT2-20-107-FOV230-256px_Statistics_1000021061,mt_B-cell,10.324163,16.045444,1
6-Good-D11-C2-ZT6-30-117-FOV230-256px_Statistics_mt_B-cell_6-Good-D11-C2-ZT6-30-117-FOV230-256px_Statistics_1000001225,mt_B-cell,11.155091,16.049622,1
7-Good-D11-B2-ZT2-30-117-FOV230-256px_Statistics_mt_B-cell_7-Good-D11-B2-ZT2-30-117-FOV230-256px_Statistics_1000008222,mt_B-cell,10.955617,16.3947,1
7-Good-D11-B2-ZT2-30-117-FOV230-256px_Statistics_mt_B-cell_7-Good-D11-B2-ZT2-30-117-FOV230-256px_Statistics_1000000009,mt_B-cell,10.226116,16.090244,1
7-Good-D11-C-M2L-ZT1-063-150-FOV230-320px_Statistics_mt_B-cell_7-Good-D11-C-M2L-ZT1-063-150-FOV230-320px_Statistics_1000000068,mt_B-cell,11.211854,16.993876,1
7-Good-D11-C-M2L-ZT1-063-150-FOV230-320px_Statistics_mt_B-cell_7-Good-D11-C-M2L-ZT1-063-150-FOV230-320px_Statistics_1000000098,mt_B-cell,10.149918,15.330599,1
7-Good-D11-C-M2L-ZT1-063-150-FOV230-320px_Statistics_mt_B-cell_7-Good-D11-C-M2L-ZT1-063-150-FOV230-320px_Statistics_1000002562,mt_B-cell,11.026857,17.334543,1
7-Good-D11-C-M2L-ZT1-063-150-FOV230-320px_Statistics_mt_B-cell_7-Good-D11-C-M2L-ZT1-063-150-FOV230-320px_Statistics_1000007043,mt_B-cell,10.630388,16.452015,1
8-Good-D11-B2-ZT8-80-167-FOV230-256px_Statistics_mt_B-cell_8-Good-D11-B2-ZT8-80-167-FOV230-256px_Statistics_1000016931,mt_B-cell,11.441913,16.335217,1
8-Good-D11-B2-ZT8-80-167-FOV230-256px_Statistics_mt_B-cell_8-Good-D11-B2-ZT8-80-167-FOV230-256px_Statistics_1000000144,mt_B-cell,10.738851,15.859602,1
8-Good-D11-B2-ZT8-80-167-FOV230-256px_Statistics_mt_B-cell_8-Good-D11-B2-ZT8-80-167-FOV230-256px_Statistics_1000008672,mt_B-cell,10.819831,17.414295,0
8-Good-D11-B2-ZT8-80-167-FOV230-256px_Statistics_mt_B-cell_8-Good-D11-B2-ZT8-80-167-FOV230-256px_Statistics_1000012078,mt_B-cell,11.295724,16.824085,1
9-Good-D11-B2-ZT9-50-137-FOV230-256px_Statistics_mt_B-cell_9-Good-D11-B2-ZT9-50-137-FOV230-256px_Statistics_1000004109,mt_B-cell,10.731842,16.244564,1
1-Good-D09-C1-ZT1-70-157-FOV230-256px_Statistics_wt_B-cell_1-Good-D09-C1-ZT1-70-157-FOV230-256px_Statistics_1000011187,wt_B-cell,10.554597,16.347197,1
2-Good-D9-B-M1L-ZT1-070-157-FOV230-320px_Statistics_wt_B-cell_2-Good-D9-B-M1L-ZT1-070-157-FOV230-320px_Statistics_1000003605,wt_B-cell,10.958989,16.733618,1
4-Good-D10-B1-ZT1-45-132-FOV230-256px_Statistics_wt_B-cell_4-Good-D10-B1-ZT1-45-132-FOV230-256px_Statistics_1000002306,wt_B-cell,9.576703,15.584719,4
4-Good-D10-C1-ZT4-40-127-FOV230-256px_Statistics_wt_B-cell_4-Good-D10-C1-ZT4-40-127-FOV230-256px_Statistics_1000003742,wt_B-cell,11.505467,17.025078,0
5-Good-D10-C2-ZT1-70-157-FOV230-256px_Statistics_wt_B-cell_5-Good-D10-C2-ZT1-70-157-FOV230-256px_Statistics_1000003483,wt_B-cell,11.003351,16.62586,0
5-Good-D10-C2-ZT1-70-157-FOV230-256px_Statistics_wt_B-cell_5-Good-D10-C2-ZT1-70-157-FOV230-256px_Statistics_1000006937,wt_B-cell,10.90674,17.408974,1
6-Good-D10-C2-ZT2-20-107-FOV230-256px_Statistics_wt_B-cell_6-Good-D10-C2-ZT2-20-107-FOV230-256px_Statistics_1000002358,wt_B-cell,10.905172,17.110168,1
6-Good-D10-C2-ZT2-20-107-FOV230-256px_Statistics_wt_B-cell_6-Good-D10-C2-ZT2-20-107-FOV230-256px_Statistics_1000006736,wt_B-cell,11.358357,17.480593,0
6-Good-D11-C2-ZT6-30-117-FOV230-256px_Statistics_wt_B-cell_6-Good-D11-C2-ZT6-30-117-FOV230-256px_Statistics_1000004239,wt_B-cell,11.197402,17.16303,0
7-Good-D11-B2-ZT2-30-117-FOV230-256px_Statistics_wt_B-cell_7-Good-D11-B2-ZT2-30-117-FOV230-256px_Statistics_1000000006,wt_B-cell,11.52553,16.57938,1
7-Good-D11-B2-ZT2-30-117-FOV230-256px_Statistics_wt_B-cell_7-Good-D11-B2-ZT2-30-117-FOV230-256px_Statistics_1000007330,wt_B-cell,10.877316,17.695171,0
8-Good-D11-B2-ZT3-30-117-FOV230-256px_Statistics_wt_B-cell_8-Good-D11-B2-ZT3-30-117-FOV230-256px_Statistics_1000002424,wt_B-cell,11.145822,16.965134,1
8-Good-D11-B2-ZT8-80-167-FOV230-256px_Statistics_wt_B-cell_8-Good-D11-B2-ZT8-80-167-FOV230-256px_Statistics_1000006098,wt_B-cell,11.123015,15.9444275,1
8-Good-D11-B2-ZT8-80-167-FOV230-256px_Statistics_wt_B-cell_8-Good-D11-B2-ZT8-80-167-FOV230-256px_Statistics_1000008900,wt_B-cell,11.117912,15.560114,1
9-Good-D11-B2-ZT9-50-137-FOV230-256px_Statistics_wt_B-cell_9-Good-D11-B2-ZT9-50-137-FOV230-256px_Statistics_1000013061,wt_B-cell,11.163804,17.42031,0
9-Good-D11-B2-ZT9-50-137-FOV230-256px_Statistics_wt_B-cell_9-Good-D11-B2-ZT9-50-137-FOV230-256px_Statistics_1000007690,wt_B-cell,10.91768,17.588783,0
1-Good-D09-C1-ZT1-70-157-FOV230-256px_Statistics_mt_B-cell_1-Good-D09-C1-ZT1-70-157-FOV230-256px_Statistics_1000002405,mt_B-cell,13.074864,17.276226,0
1-Good-D09-C1-ZT1-70-157-FOV230-256px_Statistics_mt_B-cell_1-Good-D09-C1-ZT1-70-157-FOV230-256px_Statistics_1000008306,mt_B-cell,12.777288,16.689854,0
1-Good-D09-C1-ZT1-70-157-FOV230-256px_Statistics_mt_B-cell_1-Good-D09-C1-ZT1-70-157-FOV230-256px_Statistics_1000008307,mt_B-cell,13.026773,16.465363,3
4-Good-D10-B1-ZT1-45-132-FOV230-256px_Statistics_mt_B-cell_4-Good-D10-B1-ZT1-45-132-FOV230-256px_Statistics_1000007235,mt_B-cell,13.268726,16.220808,3
4-Good-D10-B1-ZT1-45-132-FOV230-256px_Statistics_mt_B-cell_4-Good-D10-B1-ZT1-45-132-FOV230-256px_Statistics_1000005510,mt_B-cell,11.590119,15.138329,1
4-Good-D10-C1-ZT4-40-127-FOV230-256px_Statistics_mt_B-cell_4-Good-D10-C1-ZT4-40-127-FOV230-256px_Statistics_1000008654,mt_B-cell,12.503976,15.374996,2
4-Good-D10-C1-ZT4-40-127-FOV230-256px_Statistics_mt_B-cell_4-Good-D10-C1-ZT4-40-127-FOV230-256px_Statistics_1000014270,mt_B-cell,13.500368,16.114183,3
4-Good-D10-C1-ZT4-40-127-FOV230-256px_Statistics_mt_B-cell_4-Good-D10-C1-ZT4-40-127-FOV230-256px_Statistics_1000006998,mt_B-cell,12.520587,16.753431,0
4-Good-D10-C1-ZT4-40-127-FOV230-256px_Statistics_mt_B-cell_4-Good-D10-C1-ZT4-40-127-FOV230-256px_Statistics_1000008134,mt_B-cell,13.147974,16.574362,3
4-Good-D10-C1-ZT4-40-127-FOV230-256px_Statistics_mt_B-cell_4-Good-D10-C1-ZT4-40-127-FOV230-256px_Statistics_1000019705,mt_B-cell,12.854473,16.348682,3
4-Good-D10-C1-ZT4-40-127-FOV230-256px_Statistics_mt_B-cell_4-Good-D10-C1-ZT4-40-127-FOV230-256px_Statistics_1000010821,mt_B-cell,12.255227,16.326149,3
4-Good-D10-C1-ZT4-40-127-FOV230-256px_Statistics_mt_B-cell_4-Good-D10-C1-ZT4-40-127-FOV230-256px_Statistics_1000022065,mt_B-cell,12.7288685,16.234756,2
5-Good-D10-C2-ZT1-70-157-FOV230-256px_Statistics_mt_B-cell_5-Good-D10-C2-ZT1-70-157-FOV230-256px_Statistics_1000005968,mt_B-cell,12.715078,15.354505,2
6-Good-D10-C2-ZT2-20-107-FOV230-256px_Statistics_mt_B-cell_6-Good-D10-C2-ZT2-20-107-FOV230-256px_Statistics_1000016366,mt_B-cell,12.831617,15.799229,2
6-Good-D10-C2-ZT2-20-107-FOV230-256px_Statistics_mt_B-cell_6-Good-D10-C2-ZT2-20-107-FOV230-256px_Statistics_1000016807,mt_B-cell,13.290087,16.413395,3
6-Good-D10-C2-ZT2-20-107-FOV230-256px_Statistics_mt_B-cell_6-Good-D10-C2-ZT2-20-107-FOV230-256px_Statistics_1000000112,mt_B-cell,12.645597,17.657644,0
6-Good-D10-C2-ZT2-20-107-FOV230-256px_Statistics_mt_B-cell_6-Good-D10-C2-ZT2-20-107-FOV230-256px_Statistics_1000018794,mt_B-cell,12.444225,17.414028,3
6-Good-D10-C2-ZT2-20-107-FOV230-256px_Statistics_mt_B-cell_6-Good-D10-C2-ZT2-20-107-FOV230-256px_Statistics_1000000102,mt_B-cell,12.132408,16.97466,0
6-Good-D10-C2-ZT2-20-107-FOV230-256px_Statistics_mt_B-cell_6-Good-D10-C2-ZT2-20-107-FOV230-256px_Statistics_1000004700,mt_B-cell,12.961285,15.819543,2
6-Good-D10-C2-ZT2-20-107-FOV230-256px_Statistics_mt_B-cell_6-Good-D10-C2-ZT2-20-107-FOV230-256px_Statistics_1000020109,mt_B-cell,12.589304,15.323006,2
7-Good-D11-C-M2L-ZT1-063-150-FOV230-320px_Statistics_mt_B-cell_7-Good-D11-C-M2L-ZT1-063-150-FOV230-320px_Statistics_1000005213,mt_B-cell,11.356833,15.728671,1
9-Good-D11-B2-ZT9-50-137-FOV230-256px_Statistics_mt_B-cell_9-Good-D11-B2-ZT9-50-137-FOV230-256px_Statistics_1000016019,mt_B-cell,11.638609,16.203382,0
1-Good-D09-C1-ZT1-70-157-FOV230-256px_Statistics_wt_B-cell_1-Good-D09-C1-ZT1-70-157-FOV230-256px_Statistics_1000002713,wt_B-cell,12.503101,17.378761,0
1-Good-D09-C1-ZT1-70-157-FOV230-256px_Statistics_wt_B-cell_1-Good-D09-C1-ZT1-70-157-FOV230-256px_Statistics_1000000868,wt_B-cell,12.3021,16.257326,0
2-Good-D9-B-M1L-ZT1-070-157-FOV230-320px_Statistics_wt_B-cell_2-Good-D9-B-M1L-ZT1-070-157-FOV230-320px_Statistics_1000000025,wt_B-cell,13.312891,16.991753,3
2-Good-D9-B-M1L-ZT1-070-157-FOV230-320px_Statistics_wt_B-cell_2-Good-D9-B-M1L-ZT1-070-157-FOV230-320px_Statistics_1000003541,wt_B-cell,12.086969,16.538605,0
6-Good-D10-C2-ZT2-20-107-FOV230-256px_Statistics_wt_B-cell_6-Good-D10-C2-ZT2-20-107-FOV230-256px_Statistics_1000007000,wt_B-cell,12.762568,16.363674,0
6-Good-D10-C2-ZT2-20-107-FOV230-256px_Statistics_wt_B-cell_6-Good-D10-C2-ZT2-20-107-FOV230-256px_Statistics_1000003942,wt_B-cell,13.540871,16.923721,3
6-Good-D11-C2-ZT6-30-117-FOV230-256px_Statistics_wt_B-cell_6-Good-D11-C2-ZT6-30-117-FOV230-256px_Statistics_1000007147,wt_B-cell,13.175742,16.099691,3
7-Good-D11-B2-ZT2-30-117-FOV230-256px_Statistics_wt_B-cell_7-Good-D11-B2-ZT2-30-117-FOV230-256px_Statistics_1000000008,wt_B-cell,12.766733,17.11991,0
7-Good-D11-B2-ZT2-30-117-FOV230-256px_Statistics_wt_B-cell_7-Good-D11-B2-ZT2-30-117-FOV230-256px_Statistics_1000001191,wt_B-cell,12.616505,16.045198,0
7-Good-D11-B2-ZT2-30-117-FOV230-256px_Statistics_wt_B-cell_7-Good-D11-B2-ZT2-30-117-FOV230-256px_Statistics_1000006487,wt_B-cell,13.377631,16.957811,3
8-Good-D11-B2-ZT3-30-117-FOV230-256px_Statistics_wt_B-cell_8-Good-D11-B2-ZT3-30-117-FOV230-256px_Statistics_1000002492,wt_B-cell,12.337317,16.036663,2
8-Good-D11-B2-ZT3-30-117-FOV230-256px_Statistics_wt_B-cell_8-Good-D11-B2-ZT3-30-117-FOV230-256px_Statistics_1000000798,wt_B-cell,13.250597,15.566253,2
8-Good-D11-B2-ZT8-80-167-FOV230-256px_Statistics_wt_B-cell_8-Good-D11-B2-ZT8-80-167-FOV230-256px_Statistics_1000001402,wt_B-cell,13.548358,16.572187,3
8-Good-D11-B2-ZT8-80-167-FOV230-256px_Statistics_wt_B-cell_8-Good-D11-B2-ZT8-80-167-FOV230-256px_Statistics_1000002477,wt_B-cell,13.321667,16.825476,3
8-Good-D11-B2-ZT8-80-167-FOV230-256px_Statistics_wt_B-cell_8-Good-D11-B2-ZT8-80-167-FOV230-256px_Statistics_1000004380,wt_B-cell,13.944887,15.84382,3
8-Good-D11-B2-ZT8-80-167-FOV230-256px_Statistics_wt_B-cell_8-Good-D11-B2-ZT8-80-167-FOV230-256px_Statistics_1000003522,wt_B-cell,12.431402,15.650953,2
8-Good-D11-B2-ZT8-80-167-FOV230-256px_Statistics_wt_B-cell_8-Good-D11-B2-ZT8-80-167-FOV230-256px_Statistics_1000000069,wt_B-cell,12.414858,16.631325,0
8-Good-D11-B2-ZT8-80-167-FOV230-256px_Statistics_wt_B-cell_8-Good-D11-B2-ZT8-80-167-FOV230-256px_Statistics_1000000792,wt_B-cell,14.288255,16.437578,3
8-Good-D11-B2-ZT8-80-167-FOV230-256px_Statistics_wt_B-cell_8-Good-D11-B2-ZT8-80-167-FOV230-256px_Statistics_1000010605,wt_B-cell,12.419583,16.33819,3
9-Good-D11-B2-ZT9-50-137-FOV230-256px_Statistics_wt_B-cell_9-Good-D11-B2-ZT9-50-137-FOV230-256px_Statistics_1000012555,wt_B-cell,12.194411,16.29063,1
9-Good-D11-B2-ZT9-50-137-FOV230-256px_Statistics_wt_B-cell_9-Good-D11-B2-ZT9-50-137-FOV230-256px_Statistics_1000003124,wt_B-cell,12.474805,15.985844,0
9-Good-D11-B2-ZT9-50-137-FOV230-256px_Statistics_wt_B-cell_9-Good-D11-B2-ZT9-50-137-FOV230-256px_Statistics_1000007220,wt_B-cell,13.787122,16.305975,3
9-Good-D11-B2-ZT9-50-137-FOV230-256px_Statistics_wt_B-cell_9-Good-D11-B2-ZT9-50-137-FOV230-256px_Statistics_1000012708,wt_B-cell,12.978099,17.23158,3
9-Good-D11-B2-ZT9-50-137-FOV230-256px_Statistics_wt_B-cell_9-Good-D11-B2-ZT9-50-137-FOV230-256px_Statistics_1000000048,wt_B-cell,13.052455,17.302382,0
9-Good-D11-B2-ZT9-50-137-FOV230-256px_Statistics_wt_B-cell_9-Good-D11-B2-ZT9-50-137-FOV230-256px_Statistics_1000007919,wt_B-cell,11.969999,16.96236,0
9-Good-D11-B2-ZT9-50-137-FOV230-256px_Statistics_wt_B-cell_9-Good-D11-B2-ZT9-50-137-FOV230-256px_Statistics_1000002561,wt_B-cell,13.613793,16.244686,2
9-Good-D11-B2-ZT9-50-137-FOV230-256px_Statistics_wt_B-cell_9-Good-D11-B2-ZT9-50-137-FOV230-256px_Statistics_1000009487,wt_B-cell,12.605017,16.62715,0
9-Good-D11-B2-ZT9-50-137-FOV230-256px_Statistics_wt_B-cell_9-Good-D11-B2-ZT9-50-137-FOV230-256px_Statistics_1000007243,wt_B-cell,14.124514,16.804947,0
1-Good-D09-C1-ZT1-70-157-FOV230-256px_Statistics_mt_B-cell_1-Good-D09-C1-ZT1-70-157-FOV230-256px_Statistics_1000000025,mt_B-cell,12.622538,15.831851,2
1-Good-D09-C1-ZT1-70-157-FOV230-256px_Statistics_mt_B-cell_1-Good-D09-C1-ZT1-70-157-FOV230-256px_Statistics_1000003368,mt_B-cell,11.171582,15.139127,1
1-Good-D09-C1-ZT1-70-157-FOV230-256px_Statistics_mt_B-cell_1-Good-D09-C1-ZT1-70-157-FOV230-256px_Statistics_1000006789,mt_B-cell,14.382152,15.300057,2
1-Good-D09-C1-ZT1-70-157-FOV230-256px_Statistics_mt_B-cell_1-Good-D09-C1-ZT1-70-157-FOV230-256px_Statistics_1000002046,mt_B-cell,13.899146,14.671387,2
4-Good-D10-B1-ZT1-45-132-FOV230-256px_Statistics_mt_B-cell_4-Good-D10-B1-ZT1-45-132-FOV230-256px_Statistics_1000000049,mt_B-cell,12.540871,15.338658,2
4-Good-D10-C1-ZT4-40-127-FOV230-256px_Statistics_mt_B-cell_4-Good-D10-C1-ZT4-40-127-FOV230-256px_Statistics_1000003822,mt_B-cell,12.7472315,14.875835,2
4-Good-D10-C1-ZT4-40-127-FOV230-256px_Statistics_mt_B-cell_4-Good-D10-C1-ZT4-40-127-FOV230-256px_Statistics_1000001149,mt_B-cell,12.445493,15.300893,2
4-Good-D10-C1-ZT4-40-127-FOV230-256px_Statistics_mt_B-cell_4-Good-D10-C1-ZT4-40-127-FOV230-256px_Statistics_1000010084,mt_B-cell,13.055978,15.184987,2
4-Good-D10-C1-ZT4-40-127-FOV230-256px_Statistics_mt_B-cell_4-Good-D10-C1-ZT4-40-127-FOV230-256px_Statistics_1000006582,mt_B-cell,13.069145,15.195291,2
4-Good-D10-C1-ZT4-40-127-FOV230-256px_Statistics_mt_B-cell_4-Good-D10-C1-ZT4-40-127-FOV230-256px_Statistics_1000000021,mt_B-cell,12.643541,15.54481,2
5-Good-D10-C2-ZT1-70-157-FOV230-256px_Statistics_mt_B-cell_5-Good-D10-C2-ZT1-70-157-FOV230-256px_Statistics_1000018877,mt_B-cell,13.982855,14.794115,2
5-Good-D10-C2-ZT1-70-157-FOV230-256px_Statistics_mt_B-cell_5-Good-D10-C2-ZT1-70-157-FOV230-256px_Statistics_1000000170,mt_B-cell,12.542322,15.0952835,2
5-Good-D10-C2-ZT1-70-157-FOV230-256px_Statistics_mt_B-cell_5-Good-D10-C2-ZT1-70-157-FOV230-256px_Statistics_1000025688,mt_B-cell,12.89187,15.115374,2
5-Good-D10-C2-ZT1-70-157-FOV230-256px_Statistics_mt_B-cell_5-Good-D10-C2-ZT1-70-157-FOV230-256px_Statistics_1000005848,mt_B-cell,13.8558235,15.485964,2
6-Good-D10-C2-ZT2-20-107-FOV230-256px_Statistics_mt_B-cell_6-Good-D10-C2-ZT2-20-107-FOV230-256px_Statistics_1000018778,mt_B-cell,13.76431,15.457735,2
6-Good-D10-C2-ZT2-20-107-FOV230-256px_Statistics_mt_B-cell_6-Good-D10-C2-ZT2-20-107-FOV230-256px_Statistics_1000015712,mt_B-cell,13.04828,13.804442,2
6-Good-D10-C2-ZT2-20-107-FOV230-256px_Statistics_mt_B-cell_6-Good-D10-C2-ZT2-20-107-FOV230-256px_Statistics_1000007159,mt_B-cell,13.354363,14.737984,3
6-Good-D10-C2-ZT2-20-107-FOV230-256px_Statistics_mt_B-cell_6-Good-D10-C2-ZT2-20-107-FOV230-256px_Statistics_1000024617,mt_B-cell,13.227771,15.368913,2
6-Good-D10-C2-ZT2-20-107-FOV230-256px_Statistics_mt_B-cell_6-Good-D10-C2-ZT2-20-107-FOV230-256px_Statistics_1000015155,mt_B-cell,13.151578,14.192876,6
6-Good-D10-C2-ZT2-20-107-FOV230-256px_Statistics_mt_B-cell_6-Good-D10-C2-ZT2-20-107-FOV230-256px_Statistics_1000009405,mt_B-cell,13.328024,15.342129,2
6-Good-D10-C2-ZT2-20-107-FOV230-256px_Statistics_mt_B-cell_6-Good-D10-C2-ZT2-20-107-FOV230-256px_Statistics_1000001061,mt_B-cell,13.126707,14.996696,2
6-Good-D11-C2-ZT6-30-117-FOV230-256px_Statistics_mt_B-cell_6-Good-D11-C2-ZT6-30-117-FOV230-256px_Statistics_1000002221,mt_B-cell,13.054327,14.724857,2
7-Good-D11-B2-ZT2-30-117-FOV230-256px_Statistics_mt_B-cell_7-Good-D11-B2-ZT2-30-117-FOV230-256px_Statistics_1000007153,mt_B-cell,14.118692,14.728694,2
7-Good-D11-B2-ZT2-30-117-FOV230-256px_Statistics_mt_B-cell_7-Good-D11-B2-ZT2-30-117-FOV230-256px_Statistics_1000000024,mt_B-cell,14.043654,14.758484,2
7-Good-D11-B2-ZT2-30-117-FOV230-256px_Statistics_mt_B-cell_7-Good-D11-B2-ZT2-30-117-FOV230-256px_Statistics_1000003095,mt_B-cell,12.512408,15.432349,2
7-Good-D11-B2-ZT2-30-117-FOV230-256px_Statistics_mt_B-cell_7-Good-D11-B2-ZT2-30-117-FOV230-256px_Statistics_1000004349,mt_B-cell,13.622714,14.449996,2
7-Good-D11-C-M2L-ZT1-063-150-FOV230-320px_Statistics_mt_B-cell_7-Good-D11-C-M2L-ZT1-063-150-FOV230-320px_Statistics_1000000749,mt_B-cell,13.017607,15.577924,2
7-Good-D11-C-M2L-ZT1-063-150-FOV230-320px_Statistics_mt_B-cell_7-Good-D11-C-M2L-ZT1-063-150-FOV230-320px_Statistics_1000014056,mt_B-cell,12.870591,15.296429,2
8-Good-D11-B2-ZT8-80-167-FOV230-256px_Statistics_mt_B-cell_8-Good-D11-B2-ZT8-80-167-FOV230-256px_Statistics_1000001036,mt_B-cell,13.573053,15.47633,2
9-Good-D11-B2-ZT9-50-137-FOV230-256px_Statistics_mt_B-cell_9-Good-D11-B2-ZT9-50-137-FOV230-256px_Statistics_1000019498,mt_B-cell,12.998927,15.453579,2
2-Good-D9-B-M1L-ZT1-070-157-FOV230-320px_Statistics_wt_B-cell_2-Good-D9-B-M1L-ZT1-070-157-FOV230-320px_Statistics_1000000004,wt_B-cell,14.12415,15.067268,2
4-Good-D10-B1-ZT1-45-132-FOV230-256px_Statistics_wt_B-cell_4-Good-D10-B1-ZT1-45-132-FOV230-256px_Statistics_1000000885,wt_B-cell,13.740966,13.912628,6
4-Good-D10-B1-ZT1-45-132-FOV230-256px_Statistics_wt_B-cell_4-Good-D10-B1-ZT1-45-132-FOV230-256px_Statistics_1000000451,wt_B-cell,13.321131,15.423489,2
6-Good-D11-C2-ZT6-30-117-FOV230-256px_Statistics_wt_B-cell_6-Good-D11-C2-ZT6-30-117-FOV230-256px_Statistics_1000008958,wt_B-cell,13.187513,14.209865,3
6-Good-D11-C2-ZT6-30-117-FOV230-256px_Statistics_wt_B-cell_6-Good-D11-C2-ZT6-30-117-FOV230-256px_Statistics_1000012219,wt_B-cell,13.785014,15.039667,2
7-Good-D11-B2-ZT2-30-117-FOV230-256px_Statistics_wt_B-cell_7-Good-D11-B2-ZT2-30-117-FOV230-256px_Statistics_1000000020,wt_B-cell,13.537957,15.269103,2
7-Good-D11-B2-ZT2-30-117-FOV230-256px_Statistics_wt_B-cell_7-Good-D11-B2-ZT2-30-117-FOV230-256px_Statistics_1000002690,wt_B-cell,13.59778,15.093814,2
7-Good-D11-B2-ZT2-30-117-FOV230-256px_Statistics_wt_B-cell_7-Good-D11-B2-ZT2-30-117-FOV230-256px_Statistics_1000000841,wt_B-cell,13.861744,14.955787,2
7-Good-D11-B2-ZT2-30-117-FOV230-256px_Statistics_wt_B-cell_7-Good-D11-B2-ZT2-30-117-FOV230-256px_Statistics_1000001360,wt_B-cell,12.901793,15.330083,2
7-Good-D11-B2-ZT2-30-117-FOV230-256px_Statistics_wt_B-cell_7-Good-D11-B2-ZT2-30-117-FOV230-256px_Statistics_1000003002,wt_B-cell,13.806565,15.345667,2
8-Good-D11-B2-ZT3-30-117-FOV230-256px_Statistics_wt_B-cell_8-Good-D11-B2-ZT3-30-117-FOV230-256px_Statistics_1000006376,wt_B-cell,14.472829,15.000002,2
8-Good-D11-B2-ZT3-30-117-FOV230-256px_Statistics_wt_B-cell_8-Good-D11-B2-ZT3-30-117-FOV230-256px_Statistics_1000000035,wt_B-cell,13.808128,15.522715,2
8-Good-D11-B2-ZT3-30-117-FOV230-256px_Statistics_wt_B-cell_8-Good-D11-B2-ZT3-30-117-FOV230-256px_Statistics_1000005548,wt_B-cell,13.776228,16.126524,3
8-Good-D11-B2-ZT3-30-117-FOV230-256px_Statistics_wt_B-cell_8-Good-D11-B2-ZT3-30-117-FOV230-256px_Statistics_1000005318,wt_B-cell,13.689877,14.957939,2
8-Good-D11-B2-ZT3-30-117-FOV230-256px_Statistics_wt_B-cell_8-Good-D11-B2-ZT3-30-117-FOV230-256px_Statistics_1000002007,wt_B-cell,12.761781,15.490624,2
9-Good-D11-B2-ZT9-50-137-FOV230-256px_Statistics_wt_B-cell_9-Good-D11-B2-ZT9-50-137-FOV230-256px_Statistics_1000007069,wt_B-cell,14.160268,14.96489,3
9-Good-D11-B2-ZT9-50-137-FOV230-256px_Statistics_wt_B-cell_9-Good-D11-B2-ZT9-50-137-FOV230-256px_Statistics_1000004706,wt_B-cell,14.231033,15.030722,2
9-Good-D11-B2-ZT9-50-137-FOV230-256px_Statistics_wt_B-cell_9-Good-D11-B2-ZT9-50-137-FOV230-256px_Statistics_1000003826,wt_B-cell,14.126771,15.251627,2
9-Good-D11-B2-ZT9-50-137-FOV230-256px_Statistics_wt_B-cell_9-Good-D11-B2-ZT9-50-137-FOV230-256px_Statistics_1000001670,wt_B-cell,13.447537,15.0889845,2
9-Good-D11-B2-ZT9-50-137-FOV230-256px_Statistics_wt_B-cell_9-Good-D11-B2-ZT9-50-137-FOV230-256px_Statistics_1000005936,wt_B-cell,14.038253,15.171413,2
1-Good-D09-C1-ZT1-70-157-FOV230-256px_Statistics_mt_B-cell_1-Good-D09-C1-ZT1-70-157-FOV230-256px_Statistics_1000004600,mt_B-cell,12.389465,14.583499,6
1-Good-D09-C1-ZT1-70-157-FOV230-256px_Statistics_mt_B-cell_1-Good-D09-C1-ZT1-70-157-FOV230-256px_Statistics_1000006291,mt_B-cell,12.418488,14.891409,3
1-Good-D09-C1-ZT1-70-157-FOV230-256px_Statistics_mt_B-cell_1-Good-D09-C1-ZT1-70-157-FOV230-256px_Statistics_1000002383,mt_B-cell,12.126829,15.540051,1
1-Good-D09-C1-ZT1-70-157-FOV230-256px_Statistics_mt_B-cell_1-Good-D09-C1-ZT1-70-157-FOV230-256px_Statistics_1000004892,mt_B-cell,12.129743,15.093197,2
1-Good-D09-C1-ZT1-70-157-FOV230-256px_Statistics_mt_B-cell_1-Good-D09-C1-ZT1-70-157-FOV230-256px_Statistics_1000004845,mt_B-cell,12.1221695,15.558668,0
1-Good-D09-C1-ZT1-70-157-FOV230-256px_Statistics_mt_B-cell_1-Good-D09-C1-ZT1-70-157-FOV230-256px_Statistics_1000004495,mt_B-cell,12.535363,15.6067295,2
1-Good-D09-C1-ZT1-70-157-FOV230-256px_Statistics_mt_B-cell_1-Good-D09-C1-ZT1-70-157-FOV230-256px_Statistics_1000000063,mt_B-cell,12.028164,15.200528,1
1-Good-D09-C1-ZT1-70-157-FOV230-256px_Statistics_mt_B-cell_1-Good-D09-C1-ZT1-70-157-FOV230-256px_Statistics_1000006279,mt_B-cell,13.011438,13.705393,6
1-Good-D09-C1-ZT1-70-157-FOV230-256px_Statistics_mt_B-cell_1-Good-D09-C1-ZT1-70-157-FOV230-256px_Statistics_1000000079,mt_B-cell,13.308691,14.304302,3
1-Good-D09-C1-ZT1-70-157-FOV230-256px_Statistics_mt_B-cell_1-Good-D09-C1-ZT1-70-157-FOV230-256px_Statistics_1000000721,mt_B-cell,11.643001,14.908279,1
4-Good-D10-B1-ZT1-45-132-FOV230-256px_Statistics_mt_B-cell_4-Good-D10-B1-ZT1-45-132-FOV230-256px_Statistics_1000004762,mt_B-cell,10.880539,15.629001,1
4-Good-D10-B1-ZT1-45-132-FOV230-256px_Statistics_mt_B-cell_4-Good-D10-B1-ZT1-45-132-FOV230-256px_Statistics_1000003377,mt_B-cell,11.601037,15.827226,1
4-Good-D10-C1-ZT4-40-127-FOV230-256px_Statistics_mt_B-cell_4-Good-D10-C1-ZT4-40-127-FOV230-256px_Statistics_1000009564,mt_B-cell,12.152078,14.781253,3
4-Good-D10-C1-ZT4-40-127-FOV230-256px_Statistics_mt_B-cell_4-Good-D10-C1-ZT4-40-127-FOV230-256px_Statistics_1000002471,mt_B-cell,11.52911,16.876644,1
4-Good-D10-C1-ZT4-40-127-FOV230-256px_Statistics_mt_B-cell_4-Good-D10-C1-ZT4-40-127-FOV230-256px_Statistics_1000018188,mt_B-cell,12.65832,14.848784,2
4-Good-D10-C1-ZT4-40-127-FOV230-256px_Statistics_mt_B-cell_4-Good-D10-C1-ZT4-40-127-FOV230-256px_Statistics_1000018823,mt_B-cell,10.80157,14.922178,1
4-Good-D10-C1-ZT4-40-127-FOV230-256px_Statistics_mt_B-cell_4-Good-D10-C1-ZT4-40-127-FOV230-256px_Statistics_1000006903,mt_B-cell,11.8714905,15.973336,2
5-Good-D10-C2-ZT1-70-157-FOV230-256px_Statistics_mt_B-cell_5-Good-D10-C2-ZT1-70-157-FOV230-256px_Statistics_1000005302,mt_B-cell,12.7950735,17.177164,0
5-Good-D10-C2-ZT1-70-157-FOV230-256px_Statistics_mt_B-cell_5-Good-D10-C2-ZT1-70-157-FOV230-256px_Statistics_1000003332,mt_B-cell,12.290692,14.775016,3
5-Good-D10-C2-ZT1-70-157-FOV230-256px_Statistics_mt_B-cell_5-Good-D10-C2-ZT1-70-157-FOV230-256px_Statistics_1000015857,mt_B-cell,12.927724,13.1582775,6
6-Good-D10-C2-ZT2-20-107-FOV230-256px_Statistics_mt_B-cell_6-Good-D10-C2-ZT2-20-107-FOV230-256px_Statistics_1000001582,mt_B-cell,13.319702,14.061448,6
6-Good-D10-C2-ZT2-20-107-FOV230-256px_Statistics_mt_B-cell_6-Good-D10-C2-ZT2-20-107-FOV230-256px_Statistics_1000007159,mt_B-cell,12.654092,15.364295,2
6-Good-D10-C2-ZT2-20-107-FOV230-256px_Statistics_mt_B-cell_6-Good-D10-C2-ZT2-20-107-FOV230-256px_Statistics_1000025039,mt_B-cell,11.515059,13.438579,6
6-Good-D10-C2-ZT2-20-107-FOV230-256px_Statistics_mt_B-cell_6-Good-D10-C2-ZT2-20-107-FOV230-256px_Statistics_1000026937,mt_B-cell,12.673245,14.074565,0
6-Good-D11-C2-ZT6-30-117-FOV230-256px_Statistics_mt_B-cell_6-Good-D11-C2-ZT6-30-117-FOV230-256px_Statistics_1000001732,mt_B-cell,13.081211,17.003399,3
7-Good-D11-B2-ZT2-30-117-FOV230-256px_Statistics_mt_B-cell_7-Good-D11-B2-ZT2-30-117-FOV230-256px_Statistics_1000010713,mt_B-cell,13.437692,15.720787,1
7-Good-D11-C-M2L-ZT1-063-150-FOV230-320px_Statistics_mt_B-cell_7-Good-D11-C-M2L-ZT1-063-150-FOV230-320px_Statistics_1000000009,mt_B-cell,12.793107,16.761671,3
7-Good-D11-C-M2L-ZT1-063-150-FOV230-320px_Statistics_mt_B-cell_7-Good-D11-C-M2L-ZT1-063-150-FOV230-320px_Statistics_1000000050,mt_B-cell,13.05136,16.406116,0
7-Good-D11-C-M2L-ZT1-063-150-FOV230-320px_Statistics_mt_B-cell_7-Good-D11-C-M2L-ZT1-063-150-FOV230-320px_Statistics_1000004738,mt_B-cell,11.843706,16.403555,0
7-Good-D11-C-M2L-ZT1-063-150-FOV230-320px_Statistics_mt_B-cell_7-Good-D11-C-M2L-ZT1-063-150-FOV230-320px_Statistics_1000004577,mt_B-cell,11.519126,15.421842,1
7-Good-D11-C-M2L-ZT1-063-150-FOV230-320px_Statistics_mt_B-cell_7-Good-D11-C-M2L-ZT1-063-150-FOV230-320px_Statistics_1000005613,mt_B-cell,12.656401,16.608177,0
8-Good-D11-B2-ZT8-80-167-FOV230-256px_Statistics_mt_B-cell_8-Good-D11-B2-ZT8-80-167-FOV230-256px_Statistics_1000006501,mt_B-cell,11.364954,13.819488,1
8-Good-D11-B2-ZT8-80-167-FOV230-256px_Statistics_mt_B-cell_8-Good-D11-B2-ZT8-80-167-FOV230-256px_Statistics_1000005737,mt_B-cell,10.889285,14.850161,1
1-Good-D09-C1-ZT1-70-157-FOV230-256px_Statistics_wt_B-cell_1-Good-D09-C1-ZT1-70-157-FOV230-256px_Statistics_1000006478,wt_B-cell,12.234865,15.843834,0
1-Good-D09-C1-ZT1-70-157-FOV230-256px_Statistics_wt_B-cell_1-Good-D09-C1-ZT1-70-157-FOV230-256px_Statistics_1000001454,wt_B-cell,11.833965,14.718921,1
1-Good-D09-C1-ZT1-70-157-FOV230-256px_Statistics_wt_B-cell_1-Good-D09-C1-ZT1-70-157-FOV230-256px_Statistics_1000007341,wt_B-cell,13.455717,15.983711,3
2-Good-D9-B-M1L-ZT1-070-157-FOV230-320px_Statistics_wt_B-cell_2-Good-D9-B-M1L-ZT1-070-157-FOV230-320px_Statistics_1000000762,wt_B-cell,11.672974,15.326696,1
4-Good-D10-B1-ZT1-45-132-FOV230-256px_Statistics_wt_B-cell_4-Good-D10-B1-ZT1-45-132-FOV230-256px_Statistics_1000003225,wt_B-cell,11.996699,15.315423,1
4-Good-D10-B1-ZT1-45-132-FOV230-256px_Statistics_wt_B-cell_4-Good-D10-B1-ZT1-45-132-FOV230-256px_Statistics_1000002243,wt_B-cell,11.673148,14.806808,1
4-Good-D10-B1-ZT1-45-132-FOV230-256px_Statistics_wt_B-cell_4-Good-D10-B1-ZT1-45-132-FOV230-256px_Statistics_1000003539,wt_B-cell,12.540036,15.000988,2
4-Good-D10-B1-ZT1-45-132-FOV230-256px_Statistics_wt_B-cell_4-Good-D10-B1-ZT1-45-132-FOV230-256px_Statistics_1000000025,wt_B-cell,12.938174,14.128511,6
5-Good-D10-C2-ZT1-70-157-FOV230-256px_Statistics_wt_B-cell_5-Good-D10-C2-ZT1-70-157-FOV230-256px_Statistics_1000007676,wt_B-cell,12.2786045,17.184744,0
6-Good-D10-C2-ZT2-20-107-FOV230-256px_Statistics_wt_B-cell_6-Good-D10-C2-ZT2-20-107-FOV230-256px_Statistics_1000006992,wt_B-cell,10.37047,14.753167,1
6-Good-D11-C2-ZT6-30-117-FOV230-256px_Statistics_wt_B-cell_6-Good-D11-C2-ZT6-30-117-FOV230-256px_Statistics_1000000422,wt_B-cell,12.732305,15.246201,2
6-Good-D11-C2-ZT6-30-117-FOV230-256px_Statistics_wt_B-cell_6-Good-D11-C2-ZT6-30-117-FOV230-256px_Statistics_1000004374,wt_B-cell,11.981283,15.877114,1
8-Good-D11-B2-ZT8-80-167-FOV230-256px_Statistics_wt_B-cell_8-Good-D11-B2-ZT8-80-167-FOV230-256px_Statistics_1000001567,wt_B-cell,11.63157,16.876764,1
8-Good-D11-B2-ZT8-80-167-FOV230-256px_Statistics_wt_B-cell_8-Good-D11-B2-ZT8-80-167-FOV230-256px_Statistics_1000000051,wt_B-cell,12.174985,17.092236,0
9-Good-D11-B2-ZT9-50-137-FOV230-256px_Statistics_wt_B-cell_9-Good-D11-B2-ZT9-50-137-FOV230-256px_Statistics_1000009933,wt_B-cell,11.405471,14.877781,1
9-Good-D11-B2-ZT9-50-137-FOV230-256px_Statistics_wt_B-cell_9-Good-D11-B2-ZT9-50-137-FOV230-256px_Statistics_1000009121,wt_B-cell,11.886091,15.226657,1
9-Good-D11-B2-ZT9-50-137-FOV230-256px_Statistics_wt_B-cell_9-Good-D11-B2-ZT9-50-137-FOV230-256px_Statistics_1000002308,wt_B-cell,11.477417,14.674812,1
2-Good-D9-B-M1L-ZT1-070-157-FOV230-320px_Statistics_mt_B-cell_2-Good-D9-B-M1L-ZT1-070-157-FOV230-320px_Statistics_1000003826,mt_B-cell,10.753234,14.570728,5
2-Good-D9-B-M1L-ZT1-070-157-FOV230-320px_Statistics_mt_B-cell_2-Good-D9-B-M1L-ZT1-070-157-FOV230-320px_Statistics_1000001968,mt_B-cell,9.579397,15.215767,4
4-Good-D10-B1-ZT1-45-132-FOV230-256px_Statistics_mt_B-cell_4-Good-D10-B1-ZT1-45-132-FOV230-256px_Statistics_1000002539,mt_B-cell,9.936803,14.434662,4
4-Good-D10-C1-ZT4-40-127-FOV230-256px_Statistics_mt_B-cell_4-Good-D10-C1-ZT4-40-127-FOV230-256px_Statistics_1000003693,mt_B-cell,10.285615,14.3612795,5
4-Good-D10-C1-ZT4-40-127-FOV230-256px_Statistics_mt_B-cell_4-Good-D10-C1-ZT4-40-127-FOV230-256px_Statistics_1000022835,mt_B-cell,10.121423,14.272951,5
4-Good-D10-C1-ZT4-40-127-FOV230-256px_Statistics_mt_B-cell_4-Good-D10-C1-ZT4-40-127-FOV230-256px_Statistics_1000000085,mt_B-cell,9.145541,14.772581,4
4-Good-D10-C1-ZT4-40-127-FOV230-256px_Statistics_mt_B-cell_4-Good-D10-C1-ZT4-40-127-FOV230-256px_Statistics_1000017063,mt_B-cell,9.36319,15.127846,4
4-Good-D10-C1-ZT4-40-127-FOV230-256px_Statistics_mt_B-cell_4-Good-D10-C1-ZT4-40-127-FOV230-256px_Statistics_1000022344,mt_B-cell,9.58448,14.803872,4
5-Good-D10-C2-ZT1-70-157-FOV230-256px_Statistics_mt_B-cell_5-Good-D10-C2-ZT1-70-157-FOV230-256px_Statistics_1000014173,mt_B-cell,10.675311,14.696225,1
5-Good-D10-C2-ZT1-70-157-FOV230-256px_Statistics_mt_B-cell_5-Good-D10-C2-ZT1-70-157-FOV230-256px_Statistics_1000025249,mt_B-cell,9.466319,15.026811,4
5-Good-D10-C2-ZT1-70-157-FOV230-256px_Statistics_mt_B-cell_5-Good-D10-C2-ZT1-70-157-FOV230-256px_Statistics_1000013574,mt_B-cell,9.26488,15.088129,4
5-Good-D10-C2-ZT1-70-157-FOV230-256px_Statistics_mt_B-cell_5-Good-D10-C2-ZT1-70-157-FOV230-256px_Statistics_1000017028,mt_B-cell,10.564717,14.40061,5
5-Good-D10-C2-ZT1-70-157-FOV230-256px_Statistics_mt_B-cell_5-Good-D10-C2-ZT1-70-157-FOV230-256px_Statistics_1000016263,mt_B-cell,9.3187,15.0343275,4
5-Good-D10-C2-ZT1-70-157-FOV230-256px_Statistics_mt_B-cell_5-Good-D10-C2-ZT1-70-157-FOV230-256px_Statistics_1000004879,mt_B-cell,8.949816,14.711387,4
5-Good-D10-C2-ZT1-70-157-FOV230-256px_Statistics_mt_B-cell_5-Good-D10-C2-ZT1-70-157-FOV230-256px_Statistics_1000015848,mt_B-cell,9.533164,13.838207,5
5-Good-D10-C2-ZT1-70-157-FOV230-256px_Statistics_mt_B-cell_5-Good-D10-C2-ZT1-70-157-FOV230-256px_Statistics_1000005763,mt_B-cell,8.973684,15.0260105,4
6-Good-D10-C2-ZT2-20-107-FOV230-256px_Statistics_mt_B-cell_6-Good-D10-C2-ZT2-20-107-FOV230-256px_Statistics_1000016591,mt_B-cell,9.217691,14.508425,4
6-Good-D10-C2-ZT2-20-107-FOV230-256px_Statistics_mt_B-cell_6-Good-D10-C2-ZT2-20-107-FOV230-256px_Statistics_1000019026,mt_B-cell,9.39555,14.976272,4
6-Good-D10-C2-ZT2-20-107-FOV230-256px_Statistics_mt_B-cell_6-Good-D10-C2-ZT2-20-107-FOV230-256px_Statistics_1000002838,mt_B-cell,9.309397,14.945409,4
6-Good-D10-C2-ZT2-20-107-FOV230-256px_Statistics_mt_B-cell_6-Good-D10-C2-ZT2-20-107-FOV230-256px_Statistics_1000002601,mt_B-cell,10.204252,15.3167,5
6-Good-D10-C2-ZT2-20-107-FOV230-256px_Statistics_mt_B-cell_6-Good-D10-C2-ZT2-20-107-FOV230-256px_Statistics_1000013624,mt_B-cell,9.782413,14.560127,4
7-Good-D11-B2-ZT2-30-117-FOV230-256px_Statistics_mt_B-cell_7-Good-D11-B2-ZT2-30-117-FOV230-256px_Statistics_1000008156,mt_B-cell,9.779387,14.929605,4
7-Good-D11-B2-ZT2-30-117-FOV230-256px_Statistics_mt_B-cell_7-Good-D11-B2-ZT2-30-117-FOV230-256px_Statistics_1000010810,mt_B-cell,10.455251,14.663125,1
7-Good-D11-B2-ZT2-30-117-FOV230-256px_Statistics_mt_B-cell_7-Good-D11-B2-ZT2-30-117-FOV230-256px_Statistics_1000002645,mt_B-cell,9.463895,14.111185,5
7-Good-D11-B2-ZT2-30-117-FOV230-256px_Statistics_mt_B-cell_7-Good-D11-B2-ZT2-30-117-FOV230-256px_Statistics_1000009656,mt_B-cell,9.221356,14.28486,4
7-Good-D11-C-M2L-ZT1-063-150-FOV230-320px_Statistics_mt_B-cell_7-Good-D11-C-M2L-ZT1-063-150-FOV230-320px_Statistics_1000000104,mt_B-cell,9.187755,14.598953,4
8-Good-D11-B2-ZT8-80-167-FOV230-256px_Statistics_mt_B-cell_8-Good-D11-B2-ZT8-80-167-FOV230-256px_Statistics_1000004294,mt_B-cell,9.244781,14.311723,4
8-Good-D11-B2-ZT8-80-167-FOV230-256px_Statistics_mt_B-cell_8-Good-D11-B2-ZT8-80-167-FOV230-256px_Statistics_1000014722,mt_B-cell,10.04731,14.201991,5
8-Good-D11-B2-ZT8-80-167-FOV230-256px_Statistics_mt_B-cell_8-Good-D11-B2-ZT8-80-167-FOV230-256px_Statistics_1000019917,mt_B-cell,8.871666,14.722469,4
8-Good-D11-B2-ZT8-80-167-FOV230-256px_Statistics_mt_B-cell_8-Good-D11-B2-ZT8-80-167-FOV230-256px_Statistics_1000007236,mt_B-cell,9.643617,14.576141,5
8-Good-D11-B2-ZT8-80-167-FOV230-256px_Statistics_mt_B-cell_8-Good-D11-B2-ZT8-80-167-FOV230-256px_Statistics_1000000030,mt_B-cell,9.564148,13.92878,5
8-Good-D11-B2-ZT8-80-167-FOV230-256px_Statistics_mt_B-cell_8-Good-D11-B2-ZT8-80-167-FOV230-256px_Statistics_1000007397,mt_B-cell,9.526735,13.916297,5
8-Good-D11-B2-ZT8-80-167-FOV230-256px_Statistics_mt_B-cell_8-Good-D11-B2-ZT8-80-167-FOV230-256px_Statistics_1000000230,mt_B-cell,9.144012,14.566548,4
8-Good-D11-B2-ZT8-80-167-FOV230-256px_Statistics_mt_B-cell_8-Good-D11-B2-ZT8-80-167-FOV230-256px_Statistics_1000020907,mt_B-cell,9.181547,15.18497,4
8-Good-D11-B2-ZT8-80-167-FOV230-256px_Statistics_mt_B-cell_8-Good-D11-B2-ZT8-80-167-FOV230-256px_Statistics_1000012323,mt_B-cell,9.640929,14.408051,4
8-Good-D11-B2-ZT8-80-167-FOV230-256px_Statistics_mt_B-cell_8-Good-D11-B2-ZT8-80-167-FOV230-256px_Statistics_1000001703,mt_B-cell,9.024751,14.752198,4
8-Good-D11-B2-ZT8-80-167-FOV230-256px_Statistics_mt_B-cell_8-Good-D11-B2-ZT8-80-167-FOV230-256px_Statistics_1000000220,mt_B-cell,10.429137,14.060502,5
8-Good-D11-B2-ZT8-80-167-FOV230-256px_Statistics_mt_B-cell_8-Good-D11-B2-ZT8-80-167-FOV230-256px_Statistics_1000006749,mt_B-cell,9.7112055,15.214667,4
9-Good-D11-B2-ZT9-50-137-FOV230-256px_Statistics_mt_B-cell_9-Good-D11-B2-ZT9-50-137-FOV230-256px_Statistics_1000018283,mt_B-cell,9.507639,14.795451,4
9-Good-D11-B2-ZT9-50-137-FOV230-256px_Statistics_mt_B-cell_9-Good-D11-B2-ZT9-50-137-FOV230-256px_Statistics_1000003290,mt_B-cell,9.094941,14.804497,4
1-Good-D09-C1-ZT1-70-157-FOV230-256px_Statistics_wt_B-cell_1-Good-D09-C1-ZT1-70-157-FOV230-256px_Statistics_1000001974,wt_B-cell,8.980415,14.9093275,4
1-Good-D09-C1-ZT1-70-157-FOV230-256px_Statistics_wt_B-cell_1-Good-D09-C1-ZT1-70-157-FOV230-256px_Statistics_1000010591,wt_B-cell,8.960843,14.915618,4
2-Good-D9-B-M1L-ZT1-070-157-FOV230-320px_Statistics_wt_B-cell_2-Good-D9-B-M1L-ZT1-070-157-FOV230-320px_Statistics_1000003914,wt_B-cell,9.76822,15.299738,4
4-Good-D10-B1-ZT1-45-132-FOV230-256px_Statistics_wt_B-cell_4-Good-D10-B1-ZT1-45-132-FOV230-256px_Statistics_1000001514,wt_B-cell,9.699612,14.579012,4
6-Good-D10-C2-ZT2-20-107-FOV230-256px_Statistics_wt_B-cell_6-Good-D10-C2-ZT2-20-107-FOV230-256px_Statistics_1000003146,wt_B-cell,11.058349,14.619828,5
6-Good-D11-C2-ZT6-30-117-FOV230-256px_Statistics_wt_B-cell_6-Good-D11-C2-ZT6-30-117-FOV230-256px_Statistics_1000001338,wt_B-cell,9.037335,14.582306,4
8-Good-D11-B2-ZT8-80-167-FOV230-256px_Statistics_wt_B-cell_8-Good-D11-B2-ZT8-80-167-FOV230-256px_Statistics_1000005588,wt_B-cell,9.153844,14.491078,4
8-Good-D11-B2-ZT8-80-167-FOV230-256px_Statistics_wt_B-cell_8-Good-D11-B2-ZT8-80-167-FOV230-256px_Statistics_1000013095,wt_B-cell,9.495306,15.553626,4
9-Good-D11-B2-ZT9-50-137-FOV230-256px_Statistics_wt_B-cell_9-Good-D11-B2-ZT9-50-137-FOV230-256px_Statistics_1000012200,wt_B-cell,9.609523,14.750562,4
9-Good-D11-B2-ZT9-50-137-FOV230-256px_Statistics_wt_B-cell_9-Good-D11-B2-ZT9-50-137-FOV230-256px_Statistics_1000007008,wt_B-cell,10.3706665,14.315928,5
1-Good-D09-C1-ZT1-70-157-FOV230-256px_Statistics_mt_B-cell_1-Good-D09-C1-ZT1-70-157-FOV230-256px_Statistics_1000005051,mt_B-cell,14.550749,15.807006,3
1-Good-D09-C1-ZT1-70-157-FOV230-256px_Statistics_mt_B-cell_1-Good-D09-C1-ZT1-70-157-FOV230-256px_Statistics_1000009662,mt_B-cell,13.300088,16.233835,3
1-Good-D09-C1-ZT1-70-157-FOV230-256px_Statistics_mt_B-cell_1-Good-D09-C1-ZT1-70-157-FOV230-256px_Statistics_1000008517,mt_B-cell,14.055914,15.870058,3
1-Good-D09-C1-ZT1-70-157-FOV230-256px_Statistics_mt_B-cell_1-Good-D09-C1-ZT1-70-157-FOV230-256px_Statistics_1000000049,mt_B-cell,13.44281,14.432893,3
1-Good-D09-C1-ZT1-70-157-FOV230-256px_Statistics_mt_B-cell_1-Good-D09-C1-ZT1-70-157-FOV230-256px_Statistics_1000000022,mt_B-cell,14.211513,14.340404,3
1-Good-D09-C1-ZT1-70-157-FOV230-256px_Statistics_mt_B-cell_1-Good-D09-C1-ZT1-70-157-FOV230-256px_Statistics_1000004892,mt_B-cell,14.74707,15.408932,3
1-Good-D09-C1-ZT1-70-157-FOV230-256px_Statistics_mt_B-cell_1-Good-D09-C1-ZT1-70-157-FOV230-256px_Statistics_1000001041,mt_B-cell,14.716372,14.066874,8
4-Good-D10-B1-ZT1-45-132-FOV230-256px_Statistics_mt_B-cell_4-Good-D10-B1-ZT1-45-132-FOV230-256px_Statistics_1000000476,mt_B-cell,14.3987665,16.10876,3
4-Good-D10-C1-ZT4-40-127-FOV230-256px_Statistics_mt_B-cell_4-Good-D10-C1-ZT4-40-127-FOV230-256px_Statistics_1000021682,mt_B-cell,14.812242,15.126937,3
4-Good-D10-C1-ZT4-40-127-FOV230-256px_Statistics_mt_B-cell_4-Good-D10-C1-ZT4-40-127-FOV230-256px_Statistics_1000003414,mt_B-cell,14.635318,16.1902,3
4-Good-D10-C1-ZT4-40-127-FOV230-256px_Statistics_mt_B-cell_4-Good-D10-C1-ZT4-40-127-FOV230-256px_Statistics_1000000362,mt_B-cell,13.177534,14.450574,3
4-Good-D10-C1-ZT4-40-127-FOV230-256px_Statistics_mt_B-cell_4-Good-D10-C1-ZT4-40-127-FOV230-256px_Statistics_1000000129,mt_B-cell,13.677997,15.980161,3
4-Good-D10-C1-ZT4-40-127-FOV230-256px_Statistics_mt_B-cell_4-Good-D10-C1-ZT4-40-127-FOV230-256px_Statistics_1000018562,mt_B-cell,13.73225,14.778861,3
4-Good-D10-C1-ZT4-40-127-FOV230-256px_Statistics_mt_B-cell_4-Good-D10-C1-ZT4-40-127-FOV230-256px_Statistics_1000010125,mt_B-cell,14.380376,14.940549,3
4-Good-D10-C1-ZT4-40-127-FOV230-256px_Statistics_mt_B-cell_4-Good-D10-C1-ZT4-40-127-FOV230-256px_Statistics_1000013247,mt_B-cell,13.423859,16.053041,3
4-Good-D10-C1-ZT4-40-127-FOV230-256px_Statistics_mt_B-cell_4-Good-D10-C1-ZT4-40-127-FOV230-256px_Statistics_1000020083,mt_B-cell,13.963221,15.664248,3
4-Good-D10-C1-ZT4-40-127-FOV230-256px_Statistics_mt_B-cell_4-Good-D10-C1-ZT4-40-127-FOV230-256px_Statistics_1000020818,mt_B-cell,14.513752,16.245258,3
5-Good-D10-C2-ZT1-70-157-FOV230-256px_Statistics_mt_B-cell_5-Good-D10-C2-ZT1-70-157-FOV230-256px_Statistics_1000008826,mt_B-cell,14.252586,14.096295,3
5-Good-D10-C2-ZT1-70-157-FOV230-256px_Statistics_mt_B-cell_5-Good-D10-C2-ZT1-70-157-FOV230-256px_Statistics_1000020987,mt_B-cell,14.287675,15.450192,3
6-Good-D10-C2-ZT2-20-107-FOV230-256px_Statistics_mt_B-cell_6-Good-D10-C2-ZT2-20-107-FOV230-256px_Statistics_1000023000,mt_B-cell,11.787418,15.947974,3
6-Good-D10-C2-ZT2-20-107-FOV230-256px_Statistics_mt_B-cell_6-Good-D10-C2-ZT2-20-107-FOV230-256px_Statistics_1000000980,mt_B-cell,14.597421,14.937432,3
6-Good-D10-C2-ZT2-20-107-FOV230-256px_Statistics_mt_B-cell_6-Good-D10-C2-ZT2-20-107-FOV230-256px_Statistics_1000018549,mt_B-cell,14.150159,15.635354,3
6-Good-D10-C2-ZT2-20-107-FOV230-256px_Statistics_mt_B-cell_6-Good-D10-C2-ZT2-20-107-FOV230-256px_Statistics_1000009370,mt_B-cell,13.693986,14.205342,3
6-Good-D10-C2-ZT2-20-107-FOV230-256px_Statistics_mt_B-cell_6-Good-D10-C2-ZT2-20-107-FOV230-256px_Statistics_1000010071,mt_B-cell,14.803447,15.264662,3
6-Good-D10-C2-ZT2-20-107-FOV230-256px_Statistics_mt_B-cell_6-Good-D10-C2-ZT2-20-107-FOV230-256px_Statistics_1000024642,mt_B-cell,14.183422,15.971644,3
6-Good-D10-C2-ZT2-20-107-FOV230-256px_Statistics_mt_B-cell_6-Good-D10-C2-ZT2-20-107-FOV230-256px_Statistics_1000014217,mt_B-cell,14.679485,14.914101,3
6-Good-D10-C2-ZT2-20-107-FOV230-256px_Statistics_mt_B-cell_6-Good-D10-C2-ZT2-20-107-FOV230-256px_Statistics_1000009726,mt_B-cell,13.886824,14.646412,3
6-Good-D11-C2-ZT6-30-117-FOV230-256px_Statistics_mt_B-cell_6-Good-D11-C2-ZT6-30-117-FOV230-256px_Statistics_1000000945,mt_B-cell,14.089306,15.900316,3
7-Good-D11-B2-ZT2-30-117-FOV230-256px_Statistics_mt_B-cell_7-Good-D11-B2-ZT2-30-117-FOV230-256px_Statistics_1000005972,mt_B-cell,14.649937,16.122185,3
8-Good-D11-B2-ZT3-30-117-FOV230-256px_Statistics_mt_B-cell_8-Good-D11-B2-ZT3-30-117-FOV230-256px_Statistics_1000000039,mt_B-cell,14.726058,14.430434,8
1-Good-D09-C1-ZT1-70-157-FOV230-256px_Statistics_wt_B-cell_1-Good-D09-C1-ZT1-70-157-FOV230-256px_Statistics_1000002279,wt_B-cell,13.322832,14.815103,3
6-Good-D11-C2-ZT6-30-117-FOV230-256px_Statistics_wt_B-cell_6-Good-D11-C2-ZT6-30-117-FOV230-256px_Statistics_1000003615,wt_B-cell,14.0667095,15.135249,3
6-Good-D11-C2-ZT6-30-117-FOV230-256px_Statistics_wt_B-cell_6-Good-D11-C2-ZT6-30-117-FOV230-256px_Statistics_1000004985,wt_B-cell,13.463011,16.529947,3
7-Good-D11-B2-ZT2-30-117-FOV230-256px_Statistics_wt_B-cell_7-Good-D11-B2-ZT2-30-117-FOV230-256px_Statistics_1000006510,wt_B-cell,14.70953,14.19449,8
7-Good-D11-B2-ZT2-30-117-FOV230-256px_Statistics_wt_B-cell_7-Good-D11-B2-ZT2-30-117-FOV230-256px_Statistics_1000000709,wt_B-cell,14.345798,15.486256,3
7-Good-D11-B2-ZT2-30-117-FOV230-256px_Statistics_wt_B-cell_7-Good-D11-B2-ZT2-30-117-FOV230-256px_Statistics_1000004718,wt_B-cell,14.507659,16.282312,3
7-Good-D11-B2-ZT2-30-117-FOV230-256px_Statistics_wt_B-cell_7-Good-D11-B2-ZT2-30-117-FOV230-256px_Statistics_1000004007,wt_B-cell,14.207478,16.094189,3
7-Good-D11-B2-ZT2-30-117-FOV230-256px_Statistics_wt_B-cell_7-Good-D11-B2-ZT2-30-117-FOV230-256px_Statistics_1000003944,wt_B-cell,14.604596,15.702643,3
7-Good-D11-B2-ZT2-30-117-FOV230-256px_Statistics_wt_B-cell_7-Good-D11-B2-ZT2-30-117-FOV230-256px_Statistics_1000000017,wt_B-cell,13.882118,16.425716,3
8-Good-D11-B2-ZT3-30-117-FOV230-256px_Statistics_wt_B-cell_8-Good-D11-B2-ZT3-30-117-FOV230-256px_Statistics_1000004740,wt_B-cell,13.972232,16.363571,3
8-Good-D11-B2-ZT3-30-117-FOV230-256px_Statistics_wt_B-cell_8-Good-D11-B2-ZT3-30-117-FOV230-256px_Statistics_1000000798,wt_B-cell,14.597481,16.103754,3
8-Good-D11-B2-ZT3-30-117-FOV230-256px_Statistics_wt_B-cell_8-Good-D11-B2-ZT3-30-117-FOV230-256px_Statistics_1000004124,wt_B-cell,14.644134,15.831913,3
8-Good-D11-B2-ZT3-30-117-FOV230-256px_Statistics_wt_B-cell_8-Good-D11-B2-ZT3-30-117-FOV230-256px_Statistics_1000000798,wt_B-cell,14.529108,14.015221,3
8-Good-D11-B2-ZT3-30-117-FOV230-256px_Statistics_wt_B-cell_8-Good-D11-B2-ZT3-30-117-FOV230-256px_Statistics_1000005914,wt_B-cell,14.591169,16.205376,3
8-Good-D11-B2-ZT8-80-167-FOV230-256px_Statistics_wt_B-cell_8-Good-D11-B2-ZT8-80-167-FOV230-256px_Statistics_1000011194,wt_B-cell,14.178897,15.438533,3
8-Good-D11-B2-ZT8-80-167-FOV230-256px_Statistics_wt_B-cell_8-Good-D11-B2-ZT8-80-167-FOV230-256px_Statistics_1000000074,wt_B-cell,14.278628,16.183481,3
9-Good-D11-B2-ZT9-50-137-FOV230-256px_Statistics_wt_B-cell_9-Good-D11-B2-ZT9-50-137-FOV230-256px_Statistics_1000002935,wt_B-cell,14.258637,15.867953,3
9-Good-D11-B2-ZT9-50-137-FOV230-256px_Statistics_wt_B-cell_9-Good-D11-B2-ZT9-50-137-FOV230-256px_Statistics_1000000059,wt_B-cell,14.254825,15.495645,3
9-Good-D11-B2-ZT9-50-137-FOV230-256px_Statistics_wt_B-cell_9-Good-D11-B2-ZT9-50-137-FOV230-256px_Statistics_1000010054,wt_B-cell,13.293062,16.822277,3
9-Good-D11-B2-ZT9-50-137-FOV230-256px_Statistics_wt_B-cell_9-Good-D11-B2-ZT9-50-137-FOV230-256px_Statistics_1000002359,wt_B-cell,14.755563,14.325438,3
4-Good-D10-C1-ZT4-40-127-FOV230-256px_Statistics_mt_B-cell_4-Good-D10-C1-ZT4-40-127-FOV230-256px_Statistics_1000012246,mt_B-cell,10.419746,13.205227,7
4-Good-D10-C1-ZT4-40-127-FOV230-256px_Statistics_mt_B-cell_4-Good-D10-C1-ZT4-40-127-FOV230-256px_Statistics_1000007356,mt_B-cell,10.350694,13.858966,7
4-Good-D10-C1-ZT4-40-127-FOV230-256px_Statistics_mt_B-cell_4-Good-D10-C1-ZT4-40-127-FOV230-256px_Statistics_1000005873,mt_B-cell,10.108644,13.868419,5
4-Good-D10-C1-ZT4-40-127-FOV230-256px_Statistics_mt_B-cell_4-Good-D10-C1-ZT4-40-127-FOV230-256px_Statistics_1000003822,mt_B-cell,12.17106,13.668326,5
5-Good-D10-C2-ZT1-70-157-FOV230-256px_Statistics_mt_B-cell_5-Good-D10-C2-ZT1-70-157-FOV230-256px_Statistics_1000004046,mt_B-cell,10.367166,13.447342,7
5-Good-D10-C2-ZT1-70-157-FOV230-256px_Statistics_mt_B-cell_5-Good-D10-C2-ZT1-70-157-FOV230-256px_Statistics_1000005686,mt_B-cell,11.353898,13.110544,7
5-Good-D10-C2-ZT1-70-157-FOV230-256px_Statistics_mt_B-cell_5-Good-D10-C2-ZT1-70-157-FOV230-256px_Statistics_1000029192,mt_B-cell,11.592235,13.445821,6
5-Good-D10-C2-ZT1-70-157-FOV230-256px_Statistics_mt_B-cell_5-Good-D10-C2-ZT1-70-157-FOV230-256px_Statistics_1000002718,mt_B-cell,10.395449,14.011623,5
5-Good-D10-C2-ZT1-70-157-FOV230-256px_Statistics_mt_B-cell_5-Good-D10-C2-ZT1-70-157-FOV230-256px_Statistics_1000017789,mt_B-cell,11.433113,13.081854,6
5-Good-D10-C2-ZT1-70-157-FOV230-256px_Statistics_mt_B-cell_5-Good-D10-C2-ZT1-70-157-FOV230-256px_Statistics_1000023195,mt_B-cell,10.531312,13.90688,7
5-Good-D10-C2-ZT1-70-157-FOV230-256px_Statistics_mt_B-cell_5-Good-D10-C2-ZT1-70-157-FOV230-256px_Statistics_1000000158,mt_B-cell,10.135275,14.1305895,5
5-Good-D10-C2-ZT1-70-157-FOV230-256px_Statistics_mt_B-cell_5-Good-D10-C2-ZT1-70-157-FOV230-256px_Statistics_1000017178,mt_B-cell,9.649118,13.55833,5
5-Good-D10-C2-ZT1-70-157-FOV230-256px_Statistics_mt_B-cell_5-Good-D10-C2-ZT1-70-157-FOV230-256px_Statistics_1000000074,mt_B-cell,11.458913,13.244305,7
5-Good-D10-C2-ZT1-70-157-FOV230-256px_Statistics_mt_B-cell_5-Good-D10-C2-ZT1-70-157-FOV230-256px_Statistics_1000008173,mt_B-cell,11.021535,12.9821205,7
6-Good-D10-C2-ZT2-20-107-FOV230-256px_Statistics_mt_B-cell_6-Good-D10-C2-ZT2-20-107-FOV230-256px_Statistics_1000003719,mt_B-cell,9.837819,14.163383,4
6-Good-D10-C2-ZT2-20-107-FOV230-256px_Statistics_mt_B-cell_6-Good-D10-C2-ZT2-20-107-FOV230-256px_Statistics_1000004378,mt_B-cell,10.824234,12.969897,7
6-Good-D10-C2-ZT2-20-107-FOV230-256px_Statistics_mt_B-cell_6-Good-D10-C2-ZT2-20-107-FOV230-256px_Statistics_1000004844,mt_B-cell,11.541468,13.084262,7
6-Good-D10-C2-ZT2-20-107-FOV230-256px_Statistics_mt_B-cell_6-Good-D10-C2-ZT2-20-107-FOV230-256px_Statistics_1000004162,mt_B-cell,11.4095125,13.443525,5
6-Good-D10-C2-ZT2-20-107-FOV230-256px_Statistics_mt_B-cell_6-Good-D10-C2-ZT2-20-107-FOV230-256px_Statistics_1000008320,mt_B-cell,10.510227,14.244623,5
6-Good-D10-C2-ZT2-20-107-FOV230-256px_Statistics_mt_B-cell_6-Good-D10-C2-ZT2-20-107-FOV230-256px_Statistics_1000004192,mt_B-cell,10.082631,14.2185335,5
7-Good-D11-B2-ZT2-30-117-FOV230-256px_Statistics_mt_B-cell_7-Good-D11-B2-ZT2-30-117-FOV230-256px_Statistics_1000009209,mt_B-cell,10.796229,13.018943,7
7-Good-D11-C-M2L-ZT1-063-150-FOV230-320px_Statistics_mt_B-cell_7-Good-D11-C-M2L-ZT1-063-150-FOV230-320px_Statistics_1000014573,mt_B-cell,11.379568,13.218876,7
7-Good-D11-C-M2L-ZT1-063-150-FOV230-320px_Statistics_mt_B-cell_7-Good-D11-C-M2L-ZT1-063-150-FOV230-320px_Statistics_1000001467,mt_B-cell,10.450587,13.216379,7
7-Good-D11-C-M2L-ZT1-063-150-FOV230-320px_Statistics_mt_B-cell_7-Good-D11-C-M2L-ZT1-063-150-FOV230-320px_Statistics_1000000079,mt_B-cell,10.519236,13.296627,7
7-Good-D11-C-M2L-ZT1-063-150-FOV230-320px_Statistics_mt_B-cell_7-Good-D11-C-M2L-ZT1-063-150-FOV230-320px_Statistics_1000001976,mt_B-cell,10.517434,13.376372,7
8-Good-D11-B2-ZT8-80-167-FOV230-256px_Statistics_mt_B-cell_8-Good-D11-B2-ZT8-80-167-FOV230-256px_Statistics_1000013210,mt_B-cell,9.60899,13.578109,5
8-Good-D11-B2-ZT8-80-167-FOV230-256px_Statistics_mt_B-cell_8-Good-D11-B2-ZT8-80-167-FOV230-256px_Statistics_1000003869,mt_B-cell,9.719892,13.373744,5
8-Good-D11-B2-ZT8-80-167-FOV230-256px_Statistics_mt_B-cell_8-Good-D11-B2-ZT8-80-167-FOV230-256px_Statistics_1000002620,mt_B-cell,10.033847,12.98947,7
8-Good-D11-B2-ZT8-80-167-FOV230-256px_Statistics_mt_B-cell_8-Good-D11-B2-ZT8-80-167-FOV230-256px_Statistics_1000014746,mt_B-cell,9.898887,14.097221,5
8-Good-D11-B2-ZT8-80-167-FOV230-256px_Statistics_mt_B-cell_8-Good-D11-B2-ZT8-80-167-FOV230-256px_Statistics_1000021080,mt_B-cell,9.853337,13.159566,7
8-Good-D11-B2-ZT8-80-167-FOV230-256px_Statistics_mt_B-cell_8-Good-D11-B2-ZT8-80-167-FOV230-256px_Statistics_1000005062,mt_B-cell,10.122761,13.126852,7
8-Good-D11-B2-ZT8-80-167-FOV230-256px_Statistics_mt_B-cell_8-Good-D11-B2-ZT8-80-167-FOV230-256px_Statistics_1000017262,mt_B-cell,9.744337,13.525803,5
8-Good-D11-B2-ZT8-80-167-FOV230-256px_Statistics_mt_B-cell_8-Good-D11-B2-ZT8-80-167-FOV230-256px_Statistics_1000011638,mt_B-cell,9.703029,13.3841715,5
8-Good-D11-B2-ZT8-80-167-FOV230-256px_Statistics_mt_B-cell_8-Good-D11-B2-ZT8-80-167-FOV230-256px_Statistics_1000027287,mt_B-cell,10.09604,12.982828,7
8-Good-D11-B2-ZT8-80-167-FOV230-256px_Statistics_mt_B-cell_8-Good-D11-B2-ZT8-80-167-FOV230-256px_Statistics_1000017078,mt_B-cell,10.394663,13.476549,7
8-Good-D11-B2-ZT8-80-167-FOV230-256px_Statistics_mt_B-cell_8-Good-D11-B2-ZT8-80-167-FOV230-256px_Statistics_1000006286,mt_B-cell,9.835529,13.254334,7
8-Good-D11-B2-ZT8-80-167-FOV230-256px_Statistics_mt_B-cell_8-Good-D11-B2-ZT8-80-167-FOV230-256px_Statistics_1000000573,mt_B-cell,10.09478,12.954603,7
8-Good-D11-B2-ZT8-80-167-FOV230-256px_Statistics_mt_B-cell_8-Good-D11-B2-ZT8-80-167-FOV230-256px_Statistics_1000024470,mt_B-cell,11.031203,13.441706,5
8-Good-D11-B2-ZT8-80-167-FOV230-256px_Statistics_mt_B-cell_8-Good-D11-B2-ZT8-80-167-FOV230-256px_Statistics_1000019474,mt_B-cell,10.490854,13.229668,7
8-Good-D11-B2-ZT8-80-167-FOV230-256px_Statistics_mt_B-cell_8-Good-D11-B2-ZT8-80-167-FOV230-256px_Statistics_1000001726,mt_B-cell,10.168773,12.877159,7
8-Good-D11-B2-ZT8-80-167-FOV230-256px_Statistics_mt_B-cell_8-Good-D11-B2-ZT8-80-167-FOV230-256px_Statistics_1000011641,mt_B-cell,10.238688,13.524967,5
8-Good-D11-B2-ZT8-80-167-FOV230-256px_Statistics_mt_B-cell_8-Good-D11-B2-ZT8-80-167-FOV230-256px_Statistics_1000009827,mt_B-cell,9.729842,13.359923,7
8-Good-D11-B2-ZT8-80-167-FOV230-256px_Statistics_mt_B-cell_8-Good-D11-B2-ZT8-80-167-FOV230-256px_Statistics_1000007122,mt_B-cell,10.963072,13.476311,7
9-Good-D11-B2-ZT9-50-137-FOV230-256px_Statistics_mt_B-cell_9-Good-D11-B2-ZT9-50-137-FOV230-256px_Statistics_1000012052,mt_B-cell,9.534074,13.74687,5
9-Good-D11-B2-ZT9-50-137-FOV230-256px_Statistics_mt_B-cell_9-Good-D11-B2-ZT9-50-137-FOV230-256px_Statistics_1000009273,mt_B-cell,11.036292,13.111291,7
9-Good-D11-B2-ZT9-50-137-FOV230-256px_Statistics_mt_B-cell_9-Good-D11-B2-ZT9-50-137-FOV230-256px_Statistics_1000000027,mt_B-cell,11.187781,13.038142,7
6-Good-D11-C2-ZT6-30-117-FOV230-256px_Statistics_wt_B-cell_6-Good-D11-C2-ZT6-30-117-FOV230-256px_Statistics_1000008086,wt_B-cell,10.718177,13.86767,7
6-Good-D11-C2-ZT6-30-117-FOV230-256px_Statistics_wt_B-cell_6-Good-D11-C2-ZT6-30-117-FOV230-256px_Statistics_1000000181,wt_B-cell,11.766392,13.387994,6
6-Good-D11-C2-ZT6-30-117-FOV230-256px_Statistics_wt_B-cell_6-Good-D11-C2-ZT6-30-117-FOV230-256px_Statistics_1000009061,wt_B-cell,10.291786,12.814445,7
7-Good-D11-C-M2L-ZT1-063-150-FOV230-320px_Statistics_wt_B-cell_7-Good-D11-C-M2L-ZT1-063-150-FOV230-320px_Statistics_1000000373,wt_B-cell,10.150698,13.511503,7
1-Good-D09-C1-ZT1-70-157-FOV230-256px_Statistics_mt_B-cell_1-Good-D09-C1-ZT1-70-157-FOV230-256px_Statistics_1000003856,mt_B-cell,13.023692,13.1692505,6
4-Good-D10-C1-ZT4-40-127-FOV230-256px_Statistics_mt_B-cell_4-Good-D10-C1-ZT4-40-127-FOV230-256px_Statistics_1000001641,mt_B-cell,13.352408,13.457177,6
4-Good-D10-C1-ZT4-40-127-FOV230-256px_Statistics_mt_B-cell_4-Good-D10-C1-ZT4-40-127-FOV230-256px_Statistics_1000005802,mt_B-cell,13.0526705,13.5305605,6
4-Good-D10-C1-ZT4-40-127-FOV230-256px_Statistics_mt_B-cell_4-Good-D10-C1-ZT4-40-127-FOV230-256px_Statistics_1000011979,mt_B-cell,12.966421,13.142931,6
4-Good-D10-C1-ZT4-40-127-FOV230-256px_Statistics_mt_B-cell_4-Good-D10-C1-ZT4-40-127-FOV230-256px_Statistics_1000018006,mt_B-cell,13.971336,13.783124,8
4-Good-D10-C1-ZT4-40-127-FOV230-256px_Statistics_mt_B-cell_4-Good-D10-C1-ZT4-40-127-FOV230-256px_Statistics_1000019052,mt_B-cell,14.066597,13.66972,8
4-Good-D10-C1-ZT4-40-127-FOV230-256px_Statistics_mt_B-cell_4-Good-D10-C1-ZT4-40-127-FOV230-256px_Statistics_1000015299,mt_B-cell,14.290405,13.878438,8
4-Good-D10-C1-ZT4-40-127-FOV230-256px_Statistics_mt_B-cell_4-Good-D10-C1-ZT4-40-127-FOV230-256px_Statistics_1000007443,mt_B-cell,14.100015,13.338604,8
4-Good-D10-C1-ZT4-40-127-FOV230-256px_Statistics_mt_B-cell_4-Good-D10-C1-ZT4-40-127-FOV230-256px_Statistics_1000004686,mt_B-cell,13.479467,13.595924,6
5-Good-D10-C2-ZT1-70-157-FOV230-256px_Statistics_mt_B-cell_5-Good-D10-C2-ZT1-70-157-FOV230-256px_Statistics_1000014060,mt_B-cell,13.931288,13.414384,6
5-Good-D10-C2-ZT1-70-157-FOV230-256px_Statistics_mt_B-cell_5-Good-D10-C2-ZT1-70-157-FOV230-256px_Statistics_1000026791,mt_B-cell,13.9083805,13.627617,6
5-Good-D10-C2-ZT1-70-157-FOV230-256px_Statistics_mt_B-cell_5-Good-D10-C2-ZT1-70-157-FOV230-256px_Statistics_1000008142,mt_B-cell,11.416554,12.749521,7
5-Good-D10-C2-ZT1-70-157-FOV230-256px_Statistics_mt_B-cell_5-Good-D10-C2-ZT1-70-157-FOV230-256px_Statistics_1000027871,mt_B-cell,14.448887,14.014427,6
5-Good-D10-C2-ZT1-70-157-FOV230-256px_Statistics_mt_B-cell_5-Good-D10-C2-ZT1-70-157-FOV230-256px_Statistics_1000017263,mt_B-cell,12.256849,13.099143,6
5-Good-D10-C2-ZT1-70-157-FOV230-256px_Statistics_mt_B-cell_5-Good-D10-C2-ZT1-70-157-FOV230-256px_Statistics_1000000025,mt_B-cell,14.085288,14.023343,6
5-Good-D10-C2-ZT1-70-157-FOV230-256px_Statistics_mt_B-cell_5-Good-D10-C2-ZT1-70-157-FOV230-256px_Statistics_1000007708,mt_B-cell,12.157352,13.076058,6
6-Good-D10-C2-ZT2-20-107-FOV230-256px_Statistics_mt_B-cell_6-Good-D10-C2-ZT2-20-107-FOV230-256px_Statistics_1000006831,mt_B-cell,11.84657,13.029234,6
6-Good-D10-C2-ZT2-20-107-FOV230-256px_Statistics_mt_B-cell_6-Good-D10-C2-ZT2-20-107-FOV230-256px_Statistics_1000018725,mt_B-cell,13.521718,12.916344,8
6-Good-D10-C2-ZT2-20-107-FOV230-256px_Statistics_mt_B-cell_6-Good-D10-C2-ZT2-20-107-FOV230-256px_Statistics_1000018953,mt_B-cell,13.865032,13.423825,6
6-Good-D10-C2-ZT2-20-107-FOV230-256px_Statistics_mt_B-cell_6-Good-D10-C2-ZT2-20-107-FOV230-256px_Statistics_1000001832,mt_B-cell,12.869569,13.088618,6
6-Good-D10-C2-ZT2-20-107-FOV230-256px_Statistics_mt_B-cell_6-Good-D10-C2-ZT2-20-107-FOV230-256px_Statistics_1000022402,mt_B-cell,13.626252,13.186335,6
6-Good-D10-C2-ZT2-20-107-FOV230-256px_Statistics_mt_B-cell_6-Good-D10-C2-ZT2-20-107-FOV230-256px_Statistics_1000003595,mt_B-cell,13.2422495,13.230281,6
6-Good-D10-C2-ZT2-20-107-FOV230-256px_Statistics_mt_B-cell_6-Good-D10-C2-ZT2-20-107-FOV230-256px_Statistics_1000012855,mt_B-cell,11.606144,13.181313,6
6-Good-D10-C2-ZT2-20-107-FOV230-256px_Statistics_mt_B-cell_6-Good-D10-C2-ZT2-20-107-FOV230-256px_Statistics_1000003537,mt_B-cell,12.707454,13.160662,6
6-Good-D10-C2-ZT2-20-107-FOV230-256px_Statistics_mt_B-cell_6-Good-D10-C2-ZT2-20-107-FOV230-256px_Statistics_1000019559,mt_B-cell,14.531041,13.9473,8
6-Good-D10-C2-ZT2-20-107-FOV230-256px_Statistics_mt_B-cell_6-Good-D10-C2-ZT2-20-107-FOV230-256px_Statistics_1000003377,mt_B-cell,14.245498,13.858078,8
6-Good-D10-C2-ZT2-20-107-FOV230-256px_Statistics_mt_B-cell_6-Good-D10-C2-ZT2-20-107-FOV230-256px_Statistics_1000008546,mt_B-cell,13.5829,13.654378,6
6-Good-D10-C2-ZT2-20-107-FOV230-256px_Statistics_mt_B-cell_6-Good-D10-C2-ZT2-20-107-FOV230-256px_Statistics_1000016443,mt_B-cell,14.223583,13.569759,8
6-Good-D10-C2-ZT2-20-107-FOV230-256px_Statistics_mt_B-cell_6-Good-D10-C2-ZT2-20-107-FOV230-256px_Statistics_1000000064,mt_B-cell,13.156615,13.164089,6
6-Good-D10-C2-ZT2-20-107-FOV230-256px_Statistics_mt_B-cell_6-Good-D10-C2-ZT2-20-107-FOV230-256px_Statistics_1000014210,mt_B-cell,13.562483,13.468288,6
6-Good-D10-C2-ZT2-20-107-FOV230-256px_Statistics_mt_B-cell_6-Good-D10-C2-ZT2-20-107-FOV230-256px_Statistics_1000014660,mt_B-cell,14.197832,13.708744,6
6-Good-D10-C2-ZT2-20-107-FOV230-256px_Statistics_mt_B-cell_6-Good-D10-C2-ZT2-20-107-FOV230-256px_Statistics_1000007242,mt_B-cell,13.385046,14.157947,6
6-Good-D11-C2-ZT6-30-117-FOV230-256px_Statistics_mt_B-cell_6-Good-D11-C2-ZT6-30-117-FOV230-256px_Statistics_1000000458,mt_B-cell,14.2619,13.514874,8
6-Good-D11-C2-ZT6-30-117-FOV230-256px_Statistics_mt_B-cell_6-Good-D11-C2-ZT6-30-117-FOV230-256px_Statistics_1000003656,mt_B-cell,12.347492,13.201505,6
6-Good-D11-C2-ZT6-30-117-FOV230-256px_Statistics_mt_B-cell_6-Good-D11-C2-ZT6-30-117-FOV230-256px_Statistics_1000001339,mt_B-cell,14.306131,13.310948,8
6-Good-D11-C2-ZT6-30-117-FOV230-256px_Statistics_mt_B-cell_6-Good-D11-C2-ZT6-30-117-FOV230-256px_Statistics_1000003728,mt_B-cell,14.469161,13.579716,8
6-Good-D11-C2-ZT6-30-117-FOV230-256px_Statistics_mt_B-cell_6-Good-D11-C2-ZT6-30-117-FOV230-256px_Statistics_1000002202,mt_B-cell,14.585598,13.454611,8
6-Good-D11-C2-ZT6-30-117-FOV230-256px_Statistics_mt_B-cell_6-Good-D11-C2-ZT6-30-117-FOV230-256px_Statistics_1000003763,mt_B-cell,14.378156,13.289353,8
6-Good-D11-C2-ZT6-30-117-FOV230-256px_Statistics_mt_B-cell_6-Good-D11-C2-ZT6-30-117-FOV230-256px_Statistics_1000003095,mt_B-cell,13.81642,13.025618,8
7-Good-D11-B2-ZT2-30-117-FOV230-256px_Statistics_mt_B-cell_7-Good-D11-B2-ZT2-30-117-FOV230-256px_Statistics_1000005450,mt_B-cell,14.42568,13.80348,8
7-Good-D11-B2-ZT2-30-117-FOV230-256px_Statistics_mt_B-cell_7-Good-D11-B2-ZT2-30-117-FOV230-256px_Statistics_1000005394,mt_B-cell,13.366641,13.964969,6
7-Good-D11-B2-ZT2-30-117-FOV230-256px_Statistics_mt_B-cell_7-Good-D11-B2-ZT2-30-117-FOV230-256px_Statistics_1000003208,mt_B-cell,13.828877,13.3783245,6
7-Good-D11-B2-ZT2-30-117-FOV230-256px_Statistics_mt_B-cell_7-Good-D11-B2-ZT2-30-117-FOV230-256px_Statistics_1000003259,mt_B-cell,14.605057,13.61673,8
9-Good-D11-B2-ZT9-50-137-FOV230-256px_Statistics_mt_B-cell_9-Good-D11-B2-ZT9-50-137-FOV230-256px_Statistics_1000019699,mt_B-cell,12.797414,13.320226,6
6-Good-D11-C2-ZT6-30-117-FOV230-256px_Statistics_wt_B-cell_6-Good-D11-C2-ZT6-30-117-FOV230-256px_Statistics_1000009622,wt_B-cell,14.550929,13.425796,8
6-Good-D11-C2-ZT6-30-117-FOV230-256px_Statistics_wt_B-cell_6-Good-D11-C2-ZT6-30-117-FOV230-256px_Statistics_1000009317,wt_B-cell,13.7918625,13.565308,8
7-Good-D11-B2-ZT2-30-117-FOV230-256px_Statistics_wt_B-cell_7-Good-D11-B2-ZT2-30-117-FOV230-256px_Statistics_1000001960,wt_B-cell,14.391658,13.552564,8
8-Good-D11-B2-ZT3-30-117-FOV230-256px_Statistics_wt_B-cell_8-Good-D11-B2-ZT3-30-117-FOV230-256px_Statistics_1000000663,wt_B-cell,13.429428,13.899323,6
8-Good-D11-B2-ZT3-30-117-FOV230-256px_Statistics_wt_B-cell_8-Good-D11-B2-ZT3-30-117-FOV230-256px_Statistics_1000000663,wt_B-cell,13.342875,13.996782,6
8-Good-D11-B2-ZT3-30-117-FOV230-256px_Statistics_wt_B-cell_8-Good-D11-B2-ZT3-30-117-FOV230-256px_Statistics_1000000798,wt_B-cell,14.185337,14.009256,6
